{"version":3,"hash":{"type":"Buffer","data":"aBMhFpEAUtQ/Blk6IuQzaiH0BSRMvGLgyY1PyqZM1C+wpKNDbwC3TWZb92LuwCjITDEjlMOIOKM+cG/A7FbatDLKFWI4KWLyqRB9ezuebExV6L3VyA9lJmCmttPTMQfU5qJxHS3NmydQoQO6sOvJHv1cbTDMCy58u73XRDyLRvw="},"indexValueMap":{"AfitrA3yy8HpjDqp8WqUZjHjTbnu3eVCDRqhgjEsL6k=":{"valueMac":{"type":"Buffer","data":"Joha4mcytLCbOKw/dJ8gUpHMO5/QSLUTQeCBN8wjMU8="}},"BKvn5jtuyQiiZHunM6u2Kdp0BTtFHmg5XC3Ij+G10Ak=":{"valueMac":{"type":"Buffer","data":"q6pzRfCbbHwqtPKHQ44unIRZOTiTxrQV4YCrXZz+tPs="}},"BPjhaTJl1Z/PVm2OwuC6jUMXyChNt7KKWyOYRzEuztY=":{"valueMac":{"type":"Buffer","data":"9IK0whIxnNGeAWkINwmJ38CLkoI9h5o3G67uWSqwpa4="}},"CWR3gjoStvGkbtS10TuQA+WjmZjTP7FYChZSdwgzSzI=":{"valueMac":{"type":"Buffer","data":"LWCJmlEww6ZayhRY/rB/bM6vQ2+YCfOjxXJe0owgCf8="}},"CyTo7/kJ08Kc65W8T+5lG56hZNOKiCpSfMH5g/0ccu4=":{"valueMac":{"type":"Buffer","data":"mLT5LUuTTlH8oMDmJrpcBxxNADUjApfy++cIA6AQ/o4="}},"C66UsCyvAKJFY1NnRFOZ43smW6yIiBFxMAC51JPLaTI=":{"valueMac":{"type":"Buffer","data":"kXyH6QfCyARcJKpSEOyTWdlp3DUV01ejnkPvveiLVU0="}},"DIuTeBBZhbnwncxaE4IrahD5JiYOjtPf7y41EiEoq+c=":{"valueMac":{"type":"Buffer","data":"/fAywn1nCMLdBmaVm2bvJ+5qlg3vQuOVYitkyfh9cwU="}},"DT0IjlKh5f2OlFv2u1v2XPvnFhvfxn6jR2Us9x+IGGI=":{"valueMac":{"type":"Buffer","data":"tJMWsIDoIoWdtWeXZHE1OAPKQmCVckYllV6T2HNiEW8="}},"Dbis2mcdw64gw6QCvp9F4N2IjjWE/i9/JE1Xts0rBS0=":{"valueMac":{"type":"Buffer","data":"6YRbfxdrEH/5yOSsiIQ+xkuzWxwx8O2hV1JVJxVltd4="}},"Db5UzQR0VLi+ATPUjSxEEnPbIAjlojUME5e4Xt9AX0k=":{"valueMac":{"type":"Buffer","data":"UK0Z632Dt+CQsYqmNMrNoIP2J+PDSHscCqSYMmonupk="}},"Dhus3NONUpPFLZWnSFwvJfZP8TWLDFM6+Prx0+dppGg=":{"valueMac":{"type":"Buffer","data":"cnZpF2Dit2xFQx8/ghs4W0tyf14h5T94pwImqkijsEw="}},"DiAbOFialPuvZZtiCJcOonQ3s0UG2yYNJrJ8Mk2ouvs=":{"valueMac":{"type":"Buffer","data":"cCbfVcvMRbBDKyHYSQ/7n6lG8RYXeOjT/6cjsrV5JtA="}},"DjXCaCpesRAeRuEUNaTzczlUMkoHZsW+CNpvtMe51bk=":{"valueMac":{"type":"Buffer","data":"G7buE8BPC3154P0WABcjb1Xdkgn+mjQK7SxPMX8sLAU="}},"DkyZbchCKy2ADaE7gmsCdNV/XrmlLHCalWZ9LG7fxeo=":{"valueMac":{"type":"Buffer","data":"u/C73cewE+Xog+h0CydPaoPU0hI9xzoLlR+OLc/cY8U="}},"D0OamHso1C0B/x6eyd1js9ibKqN+hMTdFCSDcOq8ehk=":{"valueMac":{"type":"Buffer","data":"rHkIxcvuolIL+pV24WBK6aRILRqU7O7RZ0iFHNNnRB4="}},"EC2B5ucb/y8y4li1ZH6MYh1iAsCFx6e6tC+00VirdC0=":{"valueMac":{"type":"Buffer","data":"jaFhHrsv2vXqDh08N99Yr33e8G7g1eBN+0s5mIhjsXk="}},"ESqw2arVbYkzspSZ8mPRK/+h6bD2bf4pgyzrT+SKV08=":{"valueMac":{"type":"Buffer","data":"3KkPijf3XGIg08brHaxftKMbSGf+rPJPrlp4HO/Ptgg="}},"EZXWQHG1xSzt2OgEZbb30zQimZpN0kGotOqHFrtc3/o=":{"valueMac":{"type":"Buffer","data":"5mkIpA0RH9xxn9gsC/YiJrCHzGM7wVeqFnXE4qieJrE="}},"ElULXXRUpQbD/2VD/CSoybdXomiCGF5t88zv7T7Yuj4=":{"valueMac":{"type":"Buffer","data":"7hxykVklhIUDwWvBlPzxqtSJ8R9wE4xMqSGyw6WrgWQ="}},"FVBDgL0xdx1RrC7TJhXDneCi+xODO8bLgmS9wvDOZ9E=":{"valueMac":{"type":"Buffer","data":"6bUJnDkn5d7qsBAUxME9f0+uLTX4qm5Udjy4ekgDUfc="}},"FfF63G9sS/vg2SBEyPA2emcOI3q4iCzmsHkt2zh4s+Q=":{"valueMac":{"type":"Buffer","data":"tSBJu4ezazYhzrhv90xZVk+x5SnnbBJO7/sVd3h7wy8="}},"FjbTVXl2fmYVu9DJn9Fj5dQi1nKknAK34znGycRjVfc=":{"valueMac":{"type":"Buffer","data":"ZsWtrZlh93lbAxFCFKdN+ptQJJIqE8A0Hk5epoGvVyI="}},"FuL8BuCu6ADHhvyWnJbV9JnFPhvLB6PnAShC9/kaGe8=":{"valueMac":{"type":"Buffer","data":"WVVsGxmUe1s5LZuhbjczqBklTUN7P7WCWVBjZrWIa70="}},"F2h5bLmtS4hoX7mwBUHRfjwG4xS8Dv1VhKykKI3YXNA=":{"valueMac":{"type":"Buffer","data":"GsVpRGqadiUIKLMlo/mC2GsF5IUKXY1NnoHJPtlIpTE="}},"GMojOrPZigJwWQROtOW0J1v6LajqWS6sw0pvNwZFeYY=":{"valueMac":{"type":"Buffer","data":"nYYnp2jcQqY/4MRNSNkm7x1osHgUp3eVMnvYD/mixOs="}},"GVlvmBxNhN2K6/11rkwwMTNU0HqHIz8jroy91826ViA=":{"valueMac":{"type":"Buffer","data":"DOUvY2rhf0WLXjqTsLRwRYV3tNcvr+bDxAHrTWef+SA="}},"G5UUGSi/6PkdYMi7kps8H6dE35IsxuhEqs8mQA3EFxo=":{"valueMac":{"type":"Buffer","data":"V0XPoa6JAlHposwl60o25lb9xtpTDdRLB3+KF5pYTdA="}},"HGbGEYlAgqooN0Sd/VqLRvO/R+KDjH3VsazM0gbfHAE=":{"valueMac":{"type":"Buffer","data":"FxfxMIhrubhEpOGaC2OHlu+nz7eQDphC/IFF1D/CBj0="}},"HMRNGusIRUy1t6sA9Qckd8xt247LYFwgx92upWYUbBU=":{"valueMac":{"type":"Buffer","data":"iiyNkpAu8pc/KufjUQlRpJQ/p8JDmO2+B6fumY8urO4="}},"Hcfo20lwcFmqwWnyskKceNkrHNxjzPvPXeFsOaWj0mQ=":{"valueMac":{"type":"Buffer","data":"KLnvjOHA4vH38a6lPynzOqnMfqXBulbb0yMteY8MBg4="}},"IRuIiC628YKSqCk4DPZJXTduJQlCktpW0PtxZWZYn0k=":{"valueMac":{"type":"Buffer","data":"i/q2YcfYLWg5HNb5Vc/VvQ27KKPKoIgskMezLhOWoeA="}},"KGb1O6deK1s1SCeijewTIC3bBOxWbJ4o8t1ihIv8WoA=":{"valueMac":{"type":"Buffer","data":"tcTZz5GHSa7mEt3wD3ImS2am2xhmDRMT1KlevWMjmqA="}},"LUAkBRAUzuc1ZY5nIvKuFdaHuWYYw/0OaPxKmN++X/M=":{"valueMac":{"type":"Buffer","data":"0/TdPhlJvCl2uz5rZAAj9w0hqF4LjpFjYhWgpTpLsyU="}},"LbOTmoNE2ujB/2AUcIjsvvPPeKs1ahB14KytzK0Z8pc=":{"valueMac":{"type":"Buffer","data":"Xj5v9LBradj0W1ndjitit+TLXQLOeA1A5/yVyjh33Uk="}},"Lfm9uNrJzkXVyt8CxPEvUEyatfzEfBz81P+X8mfijZo=":{"valueMac":{"type":"Buffer","data":"we1u6YbRLIO/qaODaolC8QrwgwvGAN+LYysJaL0Sd2g="}},"LgPYSO0VDrZTRC0rf2CjYx5czEGItI4r5738tRo71H8=":{"valueMac":{"type":"Buffer","data":"ftRhktlwJwW187HM8vngU4ms9xkMH9yFCFpN6YyoPsc="}},"LrxKoYHgj0zXjM03YrAM4qqyS/8e+xzBj0uy21htExs=":{"valueMac":{"type":"Buffer","data":"6NxFEUw7e3ZFP/5jWKQK+Y/Oq706vjpCdSDhX1nU8N0="}},"LtjZHTDqcJA20/u0FnmIDDp1ll8sIx5B2uOjybcX7Fc=":{"valueMac":{"type":"Buffer","data":"xumoUdAg2wiP/xYS0egyAVOFo6nc2cYCxcLjq07KXP4="}},"MLv1OZ8XEij1u7nXq81D5BCUOVx0BtUXmPFIE42CzE8=":{"valueMac":{"type":"Buffer","data":"aX9h1Jz/g2FC5thVG15aTorbKFt8g8LqNsjnj+4PjEQ="}},"MR5lTm6pMWM0hEkuskhPW6DuRZUc9ZdijRvJsnGBFH8=":{"valueMac":{"type":"Buffer","data":"l/JuYWzrg29KwXUfyBvMxVCx/VmD1vBQgEoxKway2JE="}},"NCvS4qeHDaIPjpEnJeshDh+MFCnrkfrpbHof9SB2yy8=":{"valueMac":{"type":"Buffer","data":"mt7+1s3zn9hGDWTtPRIDkK6iU/vtK5z9ajkAZ/u+8B4="}},"NDBdUTJ8EOFiU3Lplph0k1wWMMcvTCMha9CzK2gTyOI=":{"valueMac":{"type":"Buffer","data":"qKpWX2RzSBlmaiT+8WKPh8l4IaCRTQHHm3nUcDEwhnM="}},"NKGpfD70YOpd2nP3X8YEOclFVrH3mF6V8JhINfSP8pA=":{"valueMac":{"type":"Buffer","data":"EIxmam53mWWYcVZPGffUJpPkM10NGuJYbofj8AYia6Y="}},"NSTrRbakn0cmD3DEqmlqdPiUanti7Vo6nyHjlkGT/8I=":{"valueMac":{"type":"Buffer","data":"SdQuwEBV/HbieKu52yUh+2oVKTT1muu9zj1hJxghzBo="}},"NwWpPLre4w2LGVdaoaS4igROR7plEBDrEyklYpF3knU=":{"valueMac":{"type":"Buffer","data":"JnQW1TjlfGb+G+spd4Gsz98rUSRr0aHhujEfisDalS8="}},"NwdB8z+Aw0ib+cJ4jYvlONeV15s0tg2g04LQzP5suzQ=":{"valueMac":{"type":"Buffer","data":"RwPb8Plpcj39n6cYU9ZFpuc5//KVDxvzAzNSNkVk+Ew="}},"OG3qbIeUk1sXpfpcOVTy+hkkIboneXJhqZE1Wd8la5E=":{"valueMac":{"type":"Buffer","data":"Py+PTVa5FCJ2aVHw140QkyApGw8/PI/1lpN7rmxbfQ8="}},"OwVOr6W/IwH704TOeEQSSCFSq2pgi6uAOeUeNvRU94k=":{"valueMac":{"type":"Buffer","data":"ZKdthHv37SRiRHQUCej7CERnPNNE6biWrpjbRFpD2v4="}},"PSBs1jld6VdCSN6sXCnsScHNxujDN2tc+fS01+/azuQ=":{"valueMac":{"type":"Buffer","data":"+CCW86TauW1YR81ZdFJhVaLMY0CDnge+TcPoSdnYQBw="}},"PvHyXnJdFPEUBVgSDY4TGCPMU9bR141FuJfYAJL6tbw=":{"valueMac":{"type":"Buffer","data":"5A2vGnog2QjUEpwh5Q6ZXxxiKI2CH5pISWHXwRbhS18="}},"QDBmkk3Kr3wrnB0DuTvpXC0t8N/JCBhIfWtfU0Iyb/w=":{"valueMac":{"type":"Buffer","data":"BVlGX4w1JUubqyeLunpXORr3Gr9ELrQM8ydub8WwZnI="}},"QMPrs7eJhNekyqAzaSIhvnjCTJkPWAaxe4PHoTA9k/s=":{"valueMac":{"type":"Buffer","data":"SGFV7Kht7fLuOkZmqr94bYl9Wdin8KA5wMhzdRsBBnQ="}},"QMzrmjLbaDxG5ErMBsHJkBvUeHAQYFA0H//4viY3AkY=":{"valueMac":{"type":"Buffer","data":"vCDFU9ovPcnCclnQ1aAvOlrPS4GAJEzlDqfMLsxJnho="}},"QZP0enTA0OXvsSTZqKbcmzNBkL4Br75WkFxtReZHwzw=":{"valueMac":{"type":"Buffer","data":"pghIckQvnoUssNO8lXUIl+TYW14cygV6oQEhZnA5beE="}},"QeHro+G1UGZ6UjoRoIBu8awHtxbGyo42M5f+ba8wjgw=":{"valueMac":{"type":"Buffer","data":"WhtNAKS++Z6w7CLgjvDFhpEr/3WJvidhl19AZtMjd68="}},"RhHDps/RteN/k7BMThY88ZGaY06J2Vj34upOFhVzno0=":{"valueMac":{"type":"Buffer","data":"0+5UA4LnToQoSC38fwkcoIQXCjG89SaPoWk2kOX9CJc="}},"SF9FJ8s9CV6IiCbgw7cA7EG5AsHrFuawfG2W1D6udOk=":{"valueMac":{"type":"Buffer","data":"3AYrJBHVC7dmKyF43kQBWzT4LF2R/xiFj8qxgf7gXLQ="}},"SY/J2/KQpyqvJOT81GteCBWWCFVJ3hglARYHqVLwsH8=":{"valueMac":{"type":"Buffer","data":"Ooveqc7AhB6gbsD/JySnPiO9ACSjNkMx10Q16QZXwNc="}},"SwLXMz7W8+rKWZOISeJZysPTBtRPm1QDdeYz+fZEEOU=":{"valueMac":{"type":"Buffer","data":"ixPF6Rs8uWTsFOYJ/4dO1ZQQDUeAU4Zn9EPWrHr9kfE="}},"TLxce0G19D8cZtVf/Ju6T2fR2yRxAYoWraZ4mgQXFnY=":{"valueMac":{"type":"Buffer","data":"+yvE9/qsOhNs+mb0AWuGnYTn7oKoAChjVT+G/OkGlag="}},"TN3jxjqT5XCq+Vi67tv28Qwan1pGrZ4pgJcjVYiplfY=":{"valueMac":{"type":"Buffer","data":"FHmkAAOUZZgKjYD66wrvRZTYBiFwt6wzenCGvQYQoPQ="}},"Tufc8Zhe7RmpxcAVdCoEo5rtRLotWHctasGMmD3IgZE=":{"valueMac":{"type":"Buffer","data":"fzPmx3B23fiRprdVpITHfs18uXlQwZeLq1nbDd+huEk="}},"UYAPw8sgUjUxZBO7TrPSFWDBl9HosUx2a80eQ4VUzrQ=":{"valueMac":{"type":"Buffer","data":"3BzH+0y6uKTfPX2b62iqTF/88GuSDbnFV3UdOpQLj0g="}},"VJGJeSXlm6vPmbJEex5IXHx7OrhN8xy0F8fb9XWgAdA=":{"valueMac":{"type":"Buffer","data":"4Vwj0tsCrg9d++rHU5ZoCZirP4HA27N+0ojP698cliU="}},"VNVjXpd8iSgktRvPbtZ0rasWyUeFuGN+mLIa3XT2TJY=":{"valueMac":{"type":"Buffer","data":"aQ0/Eq+bQJ1RKS1uh7kFJDuBCTLaL/kLA14Oc3oJUvI="}},"VOZ7q5KRLU6hgQLeMlfp8BYW14hffvzSmRKBahF65Ts=":{"valueMac":{"type":"Buffer","data":"3D4pFE16CyJFOPuVSzCa5H+EUAH+cuLGvtRIOO+hsz8="}},"VXChUUz3Pn0ZMWVxfpKCIhI4vlXYRSmkWdO/dtjSGyI=":{"valueMac":{"type":"Buffer","data":"6igwQbTzWsZ0FhrY09hd5SP7IJKLLmgQGVQdE0pGtQc="}},"VdBEYsGWXoODiIPDqKDSFNfaG6UCb5Na0l0ZDHilQc4=":{"valueMac":{"type":"Buffer","data":"4Ux2+xr1bar2H5WG4UuoRxjBmGiKdkk1yLTcF2Nx7rc="}},"VgrGagyOqpM/NwxQFjdaUThY35nqwlpVJTu02nVipK8=":{"valueMac":{"type":"Buffer","data":"8TQhqVSgPWeWlEZsaLsjuE9kAn+KAIJGqTqaGxjZVIY="}},"VjM2RWI4FixA81j3DkQ9y8wQwHjM0yqf+BEpePfgBu8=":{"valueMac":{"type":"Buffer","data":"qu0vUbM3Ic3nwp4PAdpAKGfSWmyvVeRSQwwVvkPWYtA="}},"WVHxBauxSyqOl6OTwB3ehgcBPNAMuB0uGVCou3m1sIw=":{"valueMac":{"type":"Buffer","data":"LlDXRR8QZ+Dg3cbMTi7DBukveDf5MD/KQYT6EjlRNRA="}},"WZbJnlPUL5jUDwfTt9lNmnTimxdC4ivAtLfqSe13P1o=":{"valueMac":{"type":"Buffer","data":"V6MaHAEOmow0ohEzabPBowXmXb9v03VnNBomtcDxWPQ="}},"WlZdHVVtY8schFohymU1Z2YzahfyIaEZ8CX3ooGo9ms=":{"valueMac":{"type":"Buffer","data":"BLgtn8X2FbMg+D7Va9rGWyAf991xJ6HFhti4L5pHu3c="}},"Wm4z2pSRzz799gfbvM+WiSUwcJ1bsdYHOkbshzdMNPY=":{"valueMac":{"type":"Buffer","data":"NsOYevCdfpXo05lhHY+H7vvbWUsRBZSpzFifHywwymk="}},"W/pgplgMjP/7y5Al1A84nMTR9YGbClkyvelGzswqWpA=":{"valueMac":{"type":"Buffer","data":"AzbGRDPOL0XTkmhpmtoTOBYHV7ZO3hnySHjCJGvYp+I="}},"W/4s3I+Rtd1VmHh//zx7IpsSFW71WxxrqDRWRvYPBbA=":{"valueMac":{"type":"Buffer","data":"LL8fJYtxICFceYxZB2NMO1nybLnaemQg2b14SrB/KVo="}},"XQxm8nLzJJLV/zAuy0c/nxbitGoNL+B5Q6uTn6TXi1g=":{"valueMac":{"type":"Buffer","data":"+eCvM82RY+OxWVIzoaaA2NXjNfb7SLLjvRL66V4kTmA="}},"YET0/F1kffucZ4X+5AhaxghWQVAWY8UCgKPWt+QCfrs=":{"valueMac":{"type":"Buffer","data":"k6fC+sOmo04McjqprnuARInVSebwDZWzOifLT4V5y8g="}},"YNdN7OUZT7qugRb6lQQkyxkGCDZP2pn4JaabKNQb5cI=":{"valueMac":{"type":"Buffer","data":"YZRqbvTNzix5yjnNa3ASeMLZWM8J5kiFDRCwRSvCSqU="}},"YQd4ENCfxOe5HpJJSn2epCEI8G5Ck/0KzUYcACsTjpo=":{"valueMac":{"type":"Buffer","data":"kybSXpEGpojkDhwtE/BfTsSFcadDK7EuGA+6Nlls4Pg="}},"ZAauGUM6SUa3hfKMfzZKvjukG877Pq3duwg8sEi0Mag=":{"valueMac":{"type":"Buffer","data":"jzrt8cOe/VLHAIAdMCLyOAHe1Ho9uzZdkNMyrhyyYBA="}},"ZKH2iDfnHY4rJ3HbqrnuIifDZaUAauOIS4PkgsNxIWU=":{"valueMac":{"type":"Buffer","data":"cv7wjwuDZOO4JqQncfqe5hLQpjFoj8Dju/kvdMqL7vU="}},"ae23yspw9DvAkzVPMGr8XMMBBBPf6yB6+JJ79R019GA=":{"valueMac":{"type":"Buffer","data":"twI24PW94X1KLkdJKLq3BC8c5wE5vLqBA/VOLfF01oc="}},"amu5bA7X6mf2lmAkQVZWZ+gWhuTBy5Dr7qSkdPArik4=":{"valueMac":{"type":"Buffer","data":"+o3iLI632sLr9PRH2AWNyORDpBRxctu9aah6Fhs5Nq0="}},"bY1uzCWloLdGKdMMHvS51E6Hcp81gNFHlVVCvSiYpY0=":{"valueMac":{"type":"Buffer","data":"Vy3WBN6dMVcKyuMoBvzVLXU7jbrjYzs0gQQSKkuLMKc="}},"badkddoby/xd580874OT5A6HA8b4wuUF1tNZroGUbWc=":{"valueMac":{"type":"Buffer","data":"lB8uuGzL3xQdYkGEZ3tje3TmySolh/CKGGdf/2d503w="}},"bcEnFrUNTkQ+nJ4dN61S5T9qKpZxGnXlb7k0320hFls=":{"valueMac":{"type":"Buffer","data":"EpGaREhU422EAP9zZdg5mjjieG/ZC6+35YJWwy1vwe4="}},"bheYv23BIwVt2vPz7MfS5K6iDnwDuxzH+AGrRshIniY=":{"valueMac":{"type":"Buffer","data":"CSxZGg4ug4H3X24O3tHcljUsPyPfnE7P8f2gHb72T5c="}},"biw0FFbB5rUK3KGGbIwjFpC7kpU8G2XlFn9OTCtKLPk=":{"valueMac":{"type":"Buffer","data":"P7+MQ6aSPf6O89xYHmeZf8OA9ZOYchAx+i5Ntf7MqA4="}},"bqHxEOm8p1LactLiwXQ+N7mKuEpjjMpeNpdE/5RfCiU=":{"valueMac":{"type":"Buffer","data":"8bj+4Ao4tT5DxH3Vnb0RRg0WeXQj8kmaCsjRZv2P0Ks="}},"b6bYC0vvb00eFFKojMz/1hlqoZ5yUqB/W+y1zbdfR5o=":{"valueMac":{"type":"Buffer","data":"lQRRxMBtYC5Ob4NW/GmmBzzgqRA7b3MRivaqGqD3sXI="}},"cWjtliDFdNm9XQGHyP+V0BojCiVJV2ukexPliBzBZf0=":{"valueMac":{"type":"Buffer","data":"qvbo5GS60MiKa2QbRqezxcG2Q80KdXUY0S1k/dUcuAE="}},"cg4oGnK95u/Rgq0txL1avhdwFsphqjTxbagpIrnVBu8=":{"valueMac":{"type":"Buffer","data":"DzpRsB+Z/HIz7FLgPJfqHSlKr47yExLDX68p1t2zfwo="}},"dZR4xXMyEDRrUQu6ffS14CfQD2eVK6hlLwTnb8+rIKI=":{"valueMac":{"type":"Buffer","data":"PcJu9SiTiGR3UBZqKg2UxWoLXTXy9rkfTVv+OHIiD54="}},"dbBczhJXSWYcJ2LvqfWR7Y7CzM2WdyjcAvnXJOZFp5E=":{"valueMac":{"type":"Buffer","data":"eCMMo60E+17elaRIoo0tmA4xuLSizYh4u7lrhb5f9PE="}},"eAO5DfaHcJ9hLfZqsjaXFAhZ5rW0HjZ1RheM+icszm0=":{"valueMac":{"type":"Buffer","data":"OJ80towACrdDHPUOaqzlSJni5v+GG6aEnBeWLflF5zk="}},"e5q8VZgA0cun/euGO91qmNgBIuQ7VVVtty3/vFPAunk=":{"valueMac":{"type":"Buffer","data":"v0QJpMWJYc8E4YzOCnYNdvZAUfOGGa3ROrXrjOatO9Q="}},"fNilHJxB3ljgYmZbjqz19Zp/6tkBa+qYkH1ZDWSH8Ak=":{"valueMac":{"type":"Buffer","data":"mFsY5YreBzw/CAzjmCXOLhT+8srRD8KvFgHviuPzpcU="}},"feX/qg7Oj3i9tlwEWSOGZR/zqorzV0eZJg4SiW883+4=":{"valueMac":{"type":"Buffer","data":"+8AigPlo6mtX1f14LncqmUpYpgDh93D0eHpErHZFNeM="}},"fmiRonJKuC9FvV9pvxFTYOSnOen0rI3yDRWa6TB17nM=":{"valueMac":{"type":"Buffer","data":"OBQOOKFBhhS9YuWDVgvyGC0nrpozzmOE8bf+plUYh0Y="}},"g3kuMdoLMmLLDI25erSKucafjVCJGOsNOlrqhXsZM5g=":{"valueMac":{"type":"Buffer","data":"vBlQtI6LcCileaP6jZC3ibKTJ8y005BxN/Z2KjJybqs="}},"hQI3XCBVbk+Y8j/In+Xexlp0aE5VWXpzXKmphxea2NM=":{"valueMac":{"type":"Buffer","data":"U0iaFXLv8IXdkxOg8tQn3bQ/9vuqmaWjnCl85+y5n4M="}},"hewf443FMe/MP5Fi+VZUpccA+XYl/55npvBqCnZ6jZs=":{"valueMac":{"type":"Buffer","data":"0VWLX97DfhFRYdDOW/8ApjZidwODnwL0jacypjBR+fg="}},"hlDV2Ttt3zS6IEsUkDERHKJzYpX3eOOmDlAIPjo0Rbo=":{"valueMac":{"type":"Buffer","data":"w8XDnhU7SFiHpPhcAGa/wzxgHstWRRpEhCxwSEAtfeI="}},"iJd///CneHJpxZ5PXpQv9RF/1EYF5fBP3kS3Y4ZKG9I=":{"valueMac":{"type":"Buffer","data":"YU4rHPlZ85XYlZ46bmlsDVAUe8Yhyo5QQm7HvhAJo/E="}},"iNe1kdzky6BYpIvpf72Mryg+b78pzQKHawvPFRseG80=":{"valueMac":{"type":"Buffer","data":"dxZdUQJPYXYAItl0/GztVlux0wRIIKta/RId3RUVtjQ="}},"ibmWOxuRZij6WcwrSqlCW4eaFZZiQA0W8hyjniHWq1I=":{"valueMac":{"type":"Buffer","data":"SJAKm9eXjuNDLI6vuaBAo1myhnvI/LElm8Os2lOeeCo="}},"jNJ+jms4+Aa/0VMFhW30/lD6GZD+QBrsUcPRdVhy0FM=":{"valueMac":{"type":"Buffer","data":"lJu7dSwHwqsCE3fncIa/GQ5fQiDOyBQI//OW9/bhFL8="}},"j/BVPj5FyW8hOSsIv+gqYmz/yyvekCCKPi1JJiccGzU=":{"valueMac":{"type":"Buffer","data":"fMXntmDkVWFO3txemYqhpnPE7MkmOq/Ht6vvEaRjPbM="}},"kGH7KvegNrSQOVWyl+lkE4MVS8BdVVbcqvlezMPdvek=":{"valueMac":{"type":"Buffer","data":"tzO8yi+RhIv3pWeDypn/Ynjr6eILo9pI5OsploIjolI="}},"kNsV/Ox8wY25c6ZJzQXsKVtGgFn2/GAVl/ACV6J1JVw=":{"valueMac":{"type":"Buffer","data":"Lq9zRJKk8qJOmX2oAixF1VqneQv1+hKHlHByeVsZSF8="}},"kQAp7hHIBKfm1wLLQRjA192zmqJV33XmvVjP1p7krm4=":{"valueMac":{"type":"Buffer","data":"kxmnZtQc4+7TMmomk5YfswbMDD+BubQWkIA0UtpwyZE="}},"kdK8jQuRSzS4OPe1yaVHMoqrFjtJGGJETkPfe7HoY1U=":{"valueMac":{"type":"Buffer","data":"8d+lcX9it/EBT61I+XU+24LZX5umnj1sT3XrVZtpkcw="}},"k8d2FFJD7WjtSJir+7eLD8QeDPwZFZWf6z4o+y2KCcc=":{"valueMac":{"type":"Buffer","data":"/AUlAwJHCZNrOUdVP4d1Ddv+S4VvMHtSOvK8RA9mTJE="}},"lcFzDMBYIS/jzVplJ1equ2cKymPHxbHeBBIroo9ctHw=":{"valueMac":{"type":"Buffer","data":"BCxeCJZi1Cg4GFWnZ3/oW7sU2lUTG3WgPJr2u/KBW8M="}},"lgPaTGK4CewimfT7YcWq/Y6+G94SVxN54xCKnP4zNQc=":{"valueMac":{"type":"Buffer","data":"RU6mNyGiumK53Y8tZtzduLWOUKQ7q8l0+hI//aPl5K0="}},"l4oWUdKL0bvLTEkYwxNlrLD4Oj7f7gAxuaZHG/X67Qo=":{"valueMac":{"type":"Buffer","data":"YXedxULivZB97QsIkpd2w8vRoR0KhaCdAGQEaI06Rs4="}},"l/NYd592KspGbvfo0RxOc2i0MIIkrXs1boLW65VC0tc=":{"valueMac":{"type":"Buffer","data":"51mzhLa7FHLmFsXaPg6dDXxClJDzGPhxZqvkKPSf8is="}},"mQP7ZJcv1QVB1hhEd9XPzCW8nxPg+PAc1cc6ZVPrRpU=":{"valueMac":{"type":"Buffer","data":"pSNevPYgAtRUfcha/uGDmsioLlsTGdIbxjruLwHUuUA="}},"msVkYuuXw39Xri3+nHXIHI703a1o+1oaMrIMtYFqZk4=":{"valueMac":{"type":"Buffer","data":"oG38rxqQR/7pyC+dbNBx7yIrzc9f4EkriToV4/JMUrA="}},"m6kmONgHES3EDO6UOkyFtUbe8iYpzVPkXZyHY2s0jsM=":{"valueMac":{"type":"Buffer","data":"Ewod1nSrzKD9Ky99pzb0InfBJ5aAM1kACDr2X/tlooM="}},"nOskC33XCkhYOsYbIFyTuzBZvRVShqia0H5Ir7jA2LM=":{"valueMac":{"type":"Buffer","data":"SQSzoN75uWfl+W+W8AnHHYMhQw4DlIQS0yZg3yEuE2w="}},"nRrN3+GBWhtH7qD+w2k4yevUX02ac5jUFcdwUeCJo40=":{"valueMac":{"type":"Buffer","data":"L+I5sqhPi6qYd9z1HVml4Ug7vvZFjs/wjH6ISFPhxNs="}},"n9LAa8tR+Z95imTxm+DcfYBTWkJCwC4S7WFEk+4xpUM=":{"valueMac":{"type":"Buffer","data":"NrHoJe6HXa/8+bD4Q7Kp7LgplWlw9EJnBwz7oeuy5JY="}},"oDjS8v2npDNqNCBHVWv/2b9eTP+3RwkNi8sNzUPlvf8=":{"valueMac":{"type":"Buffer","data":"9jMORu8URqkcd5k8nbxPtUUvi0Bd3ANIKHLQ6ySRVxQ="}},"ozTatxpzyy+da2v9Cx9vFp9r3Fnbf8WAP60W/ZVuet4=":{"valueMac":{"type":"Buffer","data":"lrK6VhQkpHT4EzhbBe9UzN8pUgZdbI2W2GWu8r3Z9+E="}},"o5T+awQ+WvcJi6M6Snf7qhZYf7TbxLYug7x5MCjFTP4=":{"valueMac":{"type":"Buffer","data":"TotrttDTn9EPxcbgmLOoSgTbM98BUvQb4waIufH/IAs="}},"o9qaSY64lpOdXxtrsTLCbm7mD0zr8r1PrGW3mghmwhs=":{"valueMac":{"type":"Buffer","data":"bDP2epT+G6UTo8t0uN2kaTPQedUEtHYCLqU+LmLOgwo="}},"pkYCrB6XgYLHUMgL8AaGIym4TefDE/GUGpPw1JftTKA=":{"valueMac":{"type":"Buffer","data":"uBEO+pcBgV4ylMOIDrSHsVebsGxRIEFJk3iREkkIuNY="}},"pvfpvusWVEYzjjJMuxxj17bwBHpXP1bpmwEOKF3DdME=":{"valueMac":{"type":"Buffer","data":"4PaFp505uhLJ32R6X9qYlsF36jVGnT/YzKxxtrewdug="}},"p+dkmOGPAbLbEkT7q+Cte4yBJdeQWx+wp3F1RZXz234=":{"valueMac":{"type":"Buffer","data":"4x0r9PKTM7sAeMnAf0ibLKGLSCnitE9DrFnP8scERyg="}},"qDJr9xNyFImr5GVqIlqIpYZwbivhblo/xXFA07DtAlU=":{"valueMac":{"type":"Buffer","data":"W2i8+62CyL0i0LQV62X15zYcYWMGTmkGj55hxbWcMmQ="}},"qLeGIss4h/LfQ3pd3YdHzI1kfk0SvL6pJn3XvSfPTIs=":{"valueMac":{"type":"Buffer","data":"0qnmVeOFIB0XQ5lJnE8KFttsuIc6dluD38GHNazhe1c="}},"qQivDh4qUjYkrdtYjyLkoFFS1PesFdHxAOkJGYI8TvE=":{"valueMac":{"type":"Buffer","data":"wk0C5UnQh/OBix+esnWVKVVkFT3IIwFuVMN4Su3rbd0="}},"qXF+OPQCSsITY1MCp7cu8SMTaNTLaHv0+bBVNeFmWDY=":{"valueMac":{"type":"Buffer","data":"34xPBNLxRyue+ebB1Wn0/kSJW3OT9/FUUQlmujSK/mc="}},"rRgiqMJTMqonpMzwnLmupbb1j+DIhQ4lpU/TqUMnq2Y=":{"valueMac":{"type":"Buffer","data":"BcvymyZaIa069BDlu8p1o82sxCpWxdCVDrAv4MXIkbY="}},"rXTo5iH/RAVNg8kHjd/5dksfOgNYKoxsaFDHwKClsxs=":{"valueMac":{"type":"Buffer","data":"uDWLJTAEmU8P1Sl/43Bsil6TjX5FZMs6Aw6I7EljHmY="}},"r+B5htAEA9odfIUpuhkLLqJye5WX7IdIqE6TsA+Y33M=":{"valueMac":{"type":"Buffer","data":"T3mqPqPO/MeodzMYgm/Wj8KoZ0Cm8SeglS0CyGXeGxc="}},"sCZLwx4ethLdeUCrvbOBL9vsHVwugXAg7v8lWbRXW0U=":{"valueMac":{"type":"Buffer","data":"dwcNldu1ALPZZccCwyG37Ipv+RCOLd4tw+l01nhzN+M="}},"sMIOTsIYEYLRZzCVG+CSMpZB2nYiuxQMgsgKSI+7glY=":{"valueMac":{"type":"Buffer","data":"Ew6rjCwfqOCGXzI+L7bomRY29gU+xWYpbVrKAmMSPQs="}},"sOEkahebHA+1WDWzScAA/RcOs3Z7hEKodhfTcRQfb9Y=":{"valueMac":{"type":"Buffer","data":"JP9306rhnazlLY8QR/CGoKo8blnlsYjnRKhbr4z8RDY="}},"tZbdfBUHBVBlQ0A/7XLEtSE6Jq/bnWk9/MnUtbDrpns=":{"valueMac":{"type":"Buffer","data":"qK6j8OtEwxk9FXV5H4FPzQjUdpBEUWsxdDUnx2G99n0="}},"th8FKveDm07z5RP2a5h4smUdiQZPD0l7o8eetMboqwQ=":{"valueMac":{"type":"Buffer","data":"P2dqMpd/wDaQKsF5sDOTl4+5jRzbxOe2FQ1gytAS2OE="}},"t5GXLjsmKnx3YfHSQyE1G5T9b0PMRod9fyFDBRAmFEA=":{"valueMac":{"type":"Buffer","data":"d6GWOgVBZ2kyZFB2f6I3GOcVco01iyyZI7XwolipMm4="}},"uLG68L0urIYnHNZpyn6LB458IlcW24yb8DJMWYxEaOI=":{"valueMac":{"type":"Buffer","data":"uqGfWGyZFAA+b09IPkBvXF6GFzoXd3lH9dwsMFUMlMs="}},"uWk5m0QRmXuYJNYOip6WG345QB4duZXZ8tkaPz90RbQ=":{"valueMac":{"type":"Buffer","data":"9OYXad5Az9nNn2aPb7J2WPWgH/1zuP2aa0c0Xl5AchI="}},"ueWEIKYmpfcb55oO4/jPf0YwXN5wyDAcOB4nQ+CT/nY=":{"valueMac":{"type":"Buffer","data":"yEKTxmCrcxBPvNcyjMmsDAQaGCvR9GnNMy24fv4WTP0="}},"ugbVTPm4nHc+OEwOtQkeYTmC32HrLcZtr2GkJVLVN00=":{"valueMac":{"type":"Buffer","data":"pHGVfD7S7nRW2edPX7dZTmvznHO57jJDYjZ4M4KDkP8="}},"u9TNwRpT4gh73dTk+gam1MyjiZxP3M2ffSPfHDl6yCY=":{"valueMac":{"type":"Buffer","data":"OnWJXXTNOOq3/DtyycPuzMcn3zau8may9ng3WDY/4CM="}},"vCXcQn/dPe1U6dwqHRx5RWBJNuIPyI0Ui5OF0z5hudU=":{"valueMac":{"type":"Buffer","data":"K/VUApwoZvmfTm2MLm9R4cRyOyVnXUcBEVXmDpGMJYI="}},"vPb5sC+W72x4yWjpnoqpFyH9OFXvC4tc6o4b4Oemmp0=":{"valueMac":{"type":"Buffer","data":"P+w7xbtqx8fbCTurqs4OLfFLOEMTDc+J/ZX0E1fznQs="}},"vqGeoZWVD4TgtghkmUxINyCMI0Oy6PJdB69OabRuBlw=":{"valueMac":{"type":"Buffer","data":"8dn8tPgg/oWtvlsfAeVj23zkgmU65wi77GmgUF9pjK4="}},"vvBvTUB+YNjQSnS0mQzW/d29dvN9tmWLFQhXz4GhZkk=":{"valueMac":{"type":"Buffer","data":"CPBFwXJuOB0cQHUxyUX2XWlbe8lZ+x2HvJsOHuIcmaU="}},"wr34U/WV7ehmZRdCdrqPFLyDGUClnZUFAJjyiLI2tDY=":{"valueMac":{"type":"Buffer","data":"tQgIyz8aL4sT1dMePhHXlXj/O6QBNBCrQB203tJmDmY="}},"ww2Qv6AKILxs+0dLAFRvW3erPsult8RXmw08HgqEF+8=":{"valueMac":{"type":"Buffer","data":"qOFu53Jd2oRQ6rLmpw0esE8YZQ5Gps9HED9PJkkxwHg="}},"xWZVaaShtrvpQS3cu3IudhxYdTY6nfkhU6TI7Aztg/w=":{"valueMac":{"type":"Buffer","data":"S69hL9W/ezXdT23cA+ELOMHRsAQxyZC76eZWmCsZ7qg="}},"ylMdQaf4A5LsJIkmkU2yw41Gxmd+kWpYwUkfKbNBKUI=":{"valueMac":{"type":"Buffer","data":"5D768WuMp3DUmX7I2W+x74oylwd1BWd/LRSFm1gyKNI="}},"yvTBxbUZM4AGUrLz3fAQGVv/E+rOJq45xwV65tpLHqA=":{"valueMac":{"type":"Buffer","data":"TuaHH0WJpHHgapZWvvRqQom18kqidABIHnGm1AtUc+Q="}},"zX5P8BHK01hT4jgBAHOQ56M/f1zwnra9qsOtZeqUMBs=":{"valueMac":{"type":"Buffer","data":"xxs6EL0KUijrInpt8L2KuMivc4pnl5RinPGPaAErNY8="}},"zmOswAHYiIhm+4m4+Hk4nM9hRC28AgXVohzt5Jd3qTw=":{"valueMac":{"type":"Buffer","data":"t7ZfIM63ssa1v/cUx+/Mr1WSk0xFuwPiyeb5XKUd+mE="}},"0TJl7QKbRtTU5ZIcT5lNvrU7inJIFuTZxqfUkwwcIpo=":{"valueMac":{"type":"Buffer","data":"YFtoKyKKziDeRX3d8MNjEA4eoEQHu0jKO6McsfmXcyY="}},"0gfCfaKIjp3fgvHJfAuRh1FWi9Om7fxfRzNgYZB1wKg=":{"valueMac":{"type":"Buffer","data":"+Dzn99um4/aNrHxErRc8oNmCun4IuwoDiUM7kWyHPFE="}},"0s8wOqDvQWR2OO/kZMgMewp+n8SImpNT/i8UQfg7VU0=":{"valueMac":{"type":"Buffer","data":"TlwNXlnGG6YxPAx42VU4bIT7DvW1JL77y5858aj4Df0="}},"02lq6KnsyWTJ/SY6tD8Pu8hsIoNQtSKczfdhoxg3hCc=":{"valueMac":{"type":"Buffer","data":"tLkQMY9s1Apv54bY/qSz/1Cn1cTQxwZ+VwUOe9bmQmY="}},"1TOhRZblTYc2j/2EOPHAr9UYTHh38ptssoGdxUyjA4g=":{"valueMac":{"type":"Buffer","data":"DQipxiidtPe4cLEMhvATsbEqf9JHOFm4duHFkKY1wN0="}},"1WHa1s3k6N4lqkPEJoNqvG4CdiwwoABtXCVhNT9tCew=":{"valueMac":{"type":"Buffer","data":"BpFx3QqGmg8/rIABaiQHW/iDXh1I0gZNQsK0m0+mT1A="}},"15tKt1cOmCYXbqMxDmv5hfuF5/B2FDXMzT4dJMEkctA=":{"valueMac":{"type":"Buffer","data":"Xz7FOmCrnJ33ieHWPhwwZkRo4Q/xpO92Lh2ZXepOvM8="}},"2AVEORlSt+ZS/T05lREW0Qyo9gMOJCccfass+72b/Wg=":{"valueMac":{"type":"Buffer","data":"332OS94NG5wzOwaTSI6p4XQ4ISp5/3feqltc366EQ3I="}},"2U4ZCoaX4sx4HSa+ue56TMGP/18+uhCN5cJVbKXphR0=":{"valueMac":{"type":"Buffer","data":"LBo2yTewsUNQ0vUz7UlDxdTpgj/slIhxmeyLEWyz4fg="}},"3Z2FI8NoBo5bQg4Vh49Pesd3J/nLKX/EvcIxqmGrCSE=":{"valueMac":{"type":"Buffer","data":"0E8U4aPuUcAyw8sueBAl8ftGR4QnbgDBkTidq5GOGh0="}},"3cPTT2U0Xzz8Rxho6J2q1mm6Aif8jheYtU3cSMBtyPk=":{"valueMac":{"type":"Buffer","data":"YsWnWpxwzOeKwUqDWQbDR/PZG6LsSDi+Wz7zEHrV80w="}},"4cZinrYV75xnHeLNoYQ+8as+WFpFQt/3ul/XE7/4QQw=":{"valueMac":{"type":"Buffer","data":"U5EHmNY2fYiA/LpAdL9nhLnTnP2W7DChEIiC2u9xuys="}},"4e4ZyXwdNvesFuoqQRB1oYY+O4aQAJolCy3iu85qkwA=":{"valueMac":{"type":"Buffer","data":"fxDMVVzwtIw9111DKfysGmyHqe5Vewfe22I6uQr1qe8="}},"4xAZzrr4V7aSB1ciP4vB+xDRLaE2plNIN6uMGkRvJs4=":{"valueMac":{"type":"Buffer","data":"j7YiW6YVH3o8eeC6NtwBNPh2pSQZpZfptMZL5k8yi+Q="}},"4zlrjxlx9AjFufrkrnpCTO97iwAtD2BsGwXpngegFBw=":{"valueMac":{"type":"Buffer","data":"c3cHUy7igDVZbqmOhwN4dy40IHGFA5S8xjE4vgaLmtw="}},"45IqRDwPbDRKu+7Vg/PnJLvVanR/i6Ub/jtvhZgcZyY=":{"valueMac":{"type":"Buffer","data":"eOa4d0Lln2VcUYF5bAgheQsL1rjS4NU0GQO/oQtSYpk="}},"45Xvm9o8J8qn/DuJSR0OTxgLFE0HIkx+ROAJmvn4B44=":{"valueMac":{"type":"Buffer","data":"UNGXAND50oGfIcp7qp4XHDoiCZZ/n2VENhXeyfe0SBU="}},"5BlhQ92Dn5jrWQdPrEfj0q3U+FlT7f4yvVjDqz+u6cc=":{"valueMac":{"type":"Buffer","data":"y7yQILkCNWdeuDAxz/2PWmmpjY0W1T4RQfi+7fKnGa0="}},"55pa+vMBuVDRBwAq0uAF/ss7mVYBxMP2MpttbtZkpxM=":{"valueMac":{"type":"Buffer","data":"W0n6L32b+i6ZYChu8NQw06DbSysGC1uCnMRAQx/U3nc="}},"651kIqUJUMiQKbPcP73IoLbzWl4S0HX+5aXT0UnxfH8=":{"valueMac":{"type":"Buffer","data":"jjsKhq9RhWtXjkSuyAtc8sT04pEyVqeN+6mC4fCbYWY="}},"7Ff1GXEhQme0VAr3J6NITtZ09jxM4/x3J+N21pQsa6w=":{"valueMac":{"type":"Buffer","data":"sxc/osbk7bexr8YBj+lNU9jxuav6AlqD+8A2ovkIQz4="}},"7yVqe5zlqUecA27ItdzfZyXFy5VANZdr/ytaZGQeowo=":{"valueMac":{"type":"Buffer","data":"C0WImQog4E9EEtO0P41eBJ0gCYetmxmqBXqFGE9UB1Q="}},"8QJVioytREcKQ15yMyhRyVGIyjo++dpfd+0Fk6Tg0us=":{"valueMac":{"type":"Buffer","data":"DOHbAyTi0vQk1ucSiYX7BzwODC1koLCqBrzau50ni7g="}},"8iph1Es84TLgiRhn9RXmZWpWOg+R/caaQdqfzTwvgrk=":{"valueMac":{"type":"Buffer","data":"O4ZEpH1HfuDIHQdN49aD0uXohNEB0LqROOYYsa8tJtg="}},"8q43uwf9W0AkVAgxDIDZtQCT3y0qN0IcSDt/NZOhrAI=":{"valueMac":{"type":"Buffer","data":"+lQWjM7btGtrRC682WYWl0sBO0aXybsYXBCUMW37oho="}},"84NWjd1uKzYZykeQfMVgT4EvMZ+e2LsdhLmCuFtb1Yg=":{"valueMac":{"type":"Buffer","data":"F6QiPWa0acX9pHN6xH8OEmy4SZPtU6Rv+G0zbVsT76E="}},"9GpmbdABlfU2G9TKO1Lq+sK/Nd4Waf+9eCiqIl326gk=":{"valueMac":{"type":"Buffer","data":"rqYTg4PsiuVIiVFBctBGwAz0qJxLLzsLeIjOFweX1kY="}},"9L6ktxHT4aYBX6QYTqTdcTtj+LtqNlLVNA8k3WzFiws=":{"valueMac":{"type":"Buffer","data":"sT0Mz6fpi7jcgBct+VjPoDSFWjHQjZyY42QCuwt7YiQ="}},"9aKUdjDSc7AR/zIUa89bALO7gx/G3QQl1FEMNn8NMLc=":{"valueMac":{"type":"Buffer","data":"CTkSljO+3jn2cLLJWJQeTgip4BGZoYp34RkyKlPVndg="}},"92/mRA+m/jiQ0Gk9YivCPr6goe35bCTVsLxmzSfIsf0=":{"valueMac":{"type":"Buffer","data":"VHBmYC36F8GGb0YYD/QjNOm1AXOEBCYb2/36x9LPa2M="}},"+DhvLf0n5mfCnBXYOq31IQrWko1fxKG2Iqr6yXAU7LU=":{"valueMac":{"type":"Buffer","data":"8r7teeWmvZeTaeZMkCxe3n2Eagfd8PHkRNe14QV+Bxg="}},"+WW6TXj1l+XRoH1NYTgwXuglYuSAHWr5wBxrbDPZjWY=":{"valueMac":{"type":"Buffer","data":"7JFGVRrHhGux/SfZCU08g6/YTcQtMmTmNfEvL0yOIo4="}},"++GW5I044oEyJaZJRCcLRQYktkamu4IIuj9ofeh8uCc=":{"valueMac":{"type":"Buffer","data":"qSgNdbP1iAcqzqf+hAc6Au9oMl2jNCXXs3a/gYpQo1M="}},"/D0kei+SVgyqkY4erYRF/FK4kuAkEgGYu0HaFO3EZtM=":{"valueMac":{"type":"Buffer","data":"KwnyB5z83W+bIc8IWWuXVluWViA0EA6hyR8CREVzDiQ="}},"/eKqhyO+wu5rvDF++Gtsd2hUUYoYSYCzAk7L56ZTmvc=":{"valueMac":{"type":"Buffer","data":"Jh1liCbBZ77B5zufl73J9gJxVnuA7CZz+IvfRGypyDQ="}},"/foBY5C4FjkkryKa16F60RqDup9obGpIWNy4O0/zIRQ=":{"valueMac":{"type":"Buffer","data":"oGrFjPjCNkFRdNaYMT5C20nZT7KoRVrmEusNFgw1IAs="}},"/t+6brZPbglgGw9mx50CBjQnisSzoIEkYO2GSfg1vVI=":{"valueMac":{"type":"Buffer","data":"qezNyiMtaI7DfHeFK9xM2DzvLLnJL6+JvT9Gtp1UkoA="}},"kcGEkG7SuLcsxfJTR60MbSTaUzO3uWU7QrUMnXqegeQ=":{"valueMac":{"type":"Buffer","data":"GqaxwKtiJYDQdBTp1u+gjgea1dMhohC51SYxsYKg81Q="}},"h6rbjAJQL86M4X+YedntztpKwLcncIaucEumI67w2S4=":{"valueMac":{"type":"Buffer","data":"dhL3KanT1NXrpSbOetQG7oWS3CjTvftZRfXj7VEfvRM="}}}}