{"version":3,"hash":{"type":"Buffer","data":"s54II2ukrX/rQ3U5xeftx4adfLvMicNmDeyaSmk0Q/PJEdDyUiRm0yub5N1mQxteAceXfSH4+2rKm8a91t7b922ltY9azzX7ut7mPEPQTmGCuYvVgs5TxALKnn+NtOP+aUPqZeRAJo8J9pWLGfbhit4kqeiwqHCeEnoALgcIrvU="},"indexValueMap":{"BsQSydqbAHn1BzQFn0K3ITwP95jb7mpTb6uJqtRQq9A=":{"valueMac":{"type":"Buffer","data":"1WoZ2O9QRrvUaM8T9cFng/pgyRWSeeA9/T1KUiRx9os="}},"COOPgTTC/gL7kv4W+b4bBgi5YIvaIB++BPufB+LApPw=":{"valueMac":{"type":"Buffer","data":"saCZG8RlZI0zkR6dIuW3Z+PMMvp294tJk5s/8GYsXhA="}},"CSMEiVVL9SyCbgIuvlBOdUrzJ7e+ms3EhAM9jBeEsm8=":{"valueMac":{"type":"Buffer","data":"eCnW3yFFhG+rRCfmJ9iRdCyWDiXbNdgn9ZH/NwX6ff4="}},"DnU0MJquildLKWiev3SLn3ToqGtPdxNgEIQQu2vWZA8=":{"valueMac":{"type":"Buffer","data":"Jsbg5xRHhs02tYGGypeJVVVAJZcXyVk29BpTCNv9aJc="}},"D1ORoA+UDCi44uESNuwz2/ce5wvvRO5XfJd71TUYW18=":{"valueMac":{"type":"Buffer","data":"h/eh3728+ETnuAZ4gH1vaE3JZjS7Wy6qmwtL22Tcs3A="}},"FA+NliuruCfkBV5SUFWRp/OSUQPfmTzGZ6mQPyoN1Rs=":{"valueMac":{"type":"Buffer","data":"yfPO7EoasCgGuaIXOeaAzthJ93WhY4qpd4schtDdTvY="}},"G1w4sHQeAIyGRyjIqCu8YmnB+AynZ7oGaX4FgtKHbvQ=":{"valueMac":{"type":"Buffer","data":"FumctTjyh06lgZj6FhWF6rqAWWL2XvF4FpXTQd7cnRg="}},"ImhxwJdzH6higDu1Xl+y3JpUpfbuA0ZGHNVKuKGx4BM=":{"valueMac":{"type":"Buffer","data":"9ZOKSe2X2lq1PISA5ik78QKjdhgKpK1TSAFUwYiOKW0="}},"JaUROKtFfDfJf3KDb31Ybw6mMgPyRPubNnne08RTKYs=":{"valueMac":{"type":"Buffer","data":"O1/Tces5BNKVaCUFqv0FMHfpZM+aIxz+XaB6/+BNgvQ="}},"Jg1U6nqrv6vml0JMJTv+V1U+D4J7RswJdxt5Vf8mpcs=":{"valueMac":{"type":"Buffer","data":"Zv73ei39I3Pp+PjjBBYn8daZv8hjy1Voy3t5c7KMsdA="}},"VAPBwpmqjvMYzk30QhRzqx9RJXrg37FiC50L7ufhmlE=":{"valueMac":{"type":"Buffer","data":"yAu44pkayih2OGd+iPAwPMxxTOmbSkGRLtfgCJ7om5E="}},"VD1zG4Ruv0W/sAd3r5LUmCzwvhpn3SrRo2vl90HJm3o=":{"valueMac":{"type":"Buffer","data":"KPSx94NO7O7PrhtAhoeDKN5iRyrcgq0lr5Ygls0McxA="}},"YOkhHuZAmcM9S8slTCYMS/7+XX+8vru7eYjLdQFPnY8=":{"valueMac":{"type":"Buffer","data":"v4Y7tbrmlRG4HGzexpBj2T+mfO7NEbluq9vZxh3oMqQ="}},"bdJG52ZbTn6XAFlgQfuWsXNPYdH1jFQ8+82qCx1I2/c=":{"valueMac":{"type":"Buffer","data":"/XwhXc5PFVa+qrSzO3IF1VDgVwjjnKUCPuNklqxZVcg="}},"cTTcCVwNGTsOR6QxyBZl24y2R48qPM6qTK7wL6oXD4Y=":{"valueMac":{"type":"Buffer","data":"FAqEQbYiY8PZec4PhKyWPpbPdGeMb8WV1nl1ZEKypJY="}},"hTZwQKsJdlwVDHL0QPUGmol4Bgc7zEKpKb1BfvbHPZc=":{"valueMac":{"type":"Buffer","data":"0jwLNzYfPZ8bnIzwxvm4hsi/hwyro8ZX+vndpwuSOa0="}},"kEZBQfOFhicV61k878QWfxkgBG6exXxNtO9pZwshxdY=":{"valueMac":{"type":"Buffer","data":"appEZhZleZ/OZllJuyb9tOR6UY167VKdthPlNq+y41U="}},"mpyayMAgYpoAxuQPYt4JejGnvEG0YJv7w/Ske2zC7eo=":{"valueMac":{"type":"Buffer","data":"VNmOpmi0cq1z+tDKv9NucTaLGgeBQMBP07Mr8qUUIrk="}},"nTLnmdT5rpEqL7JAR9lzhtxQ9Z9f1MotDXZIvQ2QMm8=":{"valueMac":{"type":"Buffer","data":"zhNupJ5xISU/NN6V2Be/bE7u9h0K3pD+W+v59caksro="}},"pg826U/PnDK/ytyMCVvfhYd0YmeIeCAb0QzOH0IDjt0=":{"valueMac":{"type":"Buffer","data":"b+8jJ2C1zbxMqXV46HDHDr+W9yb8UjSsO2knx5Pb14s="}},"qZYeYQ4d66ceaWJO/hZSpKai7AqvOHXoK/XK8C9tibE=":{"valueMac":{"type":"Buffer","data":"b+oD1AdmyOCJJyHXikLb3FuywVzuWmgd+qZqSYmtZ+c="}},"r76JdhxiqYtwt129c4v8SGLNubB8syCLLf+vR1LEVAg=":{"valueMac":{"type":"Buffer","data":"SdOuEvmDzBxmYw6ukoMbh6R/phu88fURosZhtWbH9/0="}},"tlae5rA1/N3fCXp93mE5g2scUkZnYjy3LZyCu/OhtyM=":{"valueMac":{"type":"Buffer","data":"N6Zr1PL10+cql3Ag9dlpLKXSxCqdDsFRKINTlBO92qw="}},"u3OewbBxUfwO9wm5O27D1A43zMhdbBn8rnU8US/SVwA=":{"valueMac":{"type":"Buffer","data":"8wEtmZ4xkWyVGF6LP4eKddrujaxZeR/HSNx+Wo/zuh8="}},"vNtwMXb4wXt3Yw0cnMYFdiErym+AYFYJmLIwJ9XCCzc=":{"valueMac":{"type":"Buffer","data":"jOOB95KlqooblCXJgT/tQDYbqoIFNmffSHOc2/PTDl0="}},"x6JsMh66/nLwF9uV1g0sNiLsh5PObQz80fNFiZzTnxc=":{"valueMac":{"type":"Buffer","data":"tavTdWdDWXDE4ZUIF+psyY3y2amT6zHdc+VW751maY8="}},"0pwI9O0/Ck/k1l4vZT1SYPxCCNqtcDf/+37qUPG+zfA=":{"valueMac":{"type":"Buffer","data":"+8u4I8mvDXjgcCIye/TqF8fVxmbJfjHm//2n8H5WQhM="}},"3sTW7gcphruMldj+2OPaXDN9Xv7EqWeDW1+uxyU3Hgg=":{"valueMac":{"type":"Buffer","data":"kJy6pDQJQPkHBr9kcgeJs8axem8/bxFNKQh9UGblSzg="}},"3tMRPZwPfEUBp8f7niqZxfZgmM/BAjDaDP9yViXAPNM=":{"valueMac":{"type":"Buffer","data":"e6YCRNEdffC6u6oeVcVBMseisa5Y8X0qkdk20ssBN/w="}},"5RmwsOUoiFiIJfDtEhLDe7RX8quI4pwnZwATNRzapzA=":{"valueMac":{"type":"Buffer","data":"7F55vGsitk6PF/SIfNp/xbfeYTjk4Fg2WCyWookfB1M="}},"58A4IHcE7tWeuzVZ34ZETAey2/9yuE0x5mlemmuaB34=":{"valueMac":{"type":"Buffer","data":"sIRAa4K5PUm/1gz+V5HTlRy5ZAKHREkyJPh22k0JJDg="}},"7bXZqjS9DlPoMNPttHt6XC/x634KD4HW7NjKyexg5p8=":{"valueMac":{"type":"Buffer","data":"dFHzxFGAZt9/Gzrd/0tH1QLAAaKU+3gGjeB7k2qlzu8="}},"7hog8UYTIjytY2kz2tEqoZijglJcFrlHSLXTaKSznhI=":{"valueMac":{"type":"Buffer","data":"9RqBqNhA1h4SpCSmy4JYGsiypGJE5Je+OlOlgZXUvAE="}},"7iGZqZv8gWzks3xDXva2JF5sYkrPO/LsRifjNAkzbrk=":{"valueMac":{"type":"Buffer","data":"EiHSQficK0DwQ6CHTNs+bW7gdedMCwjq7GaQmVXHrtE="}},"71KkP8D6PaTWyTMwwWfEzhoSq7bbE/SlkPYpkeTLxLQ=":{"valueMac":{"type":"Buffer","data":"g28slrznuBUCo6nux+b4IG023P9M7V9607JVPlRL32k="}},"+jcbD01KQgqk4oivKWQtgIaNW57DuLPqbWSC1vVJ+aY=":{"valueMac":{"type":"Buffer","data":"cdhXiHJiW5stMZb1hy6YwoA+7i6mPKNwklzCCNXWy7A="}},"+l21+ha2pQG8WITHHZxceD4XTANxFP25ze+81POru5I=":{"valueMac":{"type":"Buffer","data":"PY95laKMsAYkutPQ9hcGUBIUZK40IqYMltUMKXfnLE8="}},"ZUis0Vz/WWQ7d4oS/KpRa11e+AzKr9++dmlkDF6+MDM=":{"valueMac":{"type":"Buffer","data":"PGwgtHNxCsC22lA/hlcmAWOekh4Fe1BvZqWT9xshs7w="}},"dFltOaJBw3feC6LARX4J+KtEOrrlEpmhqhJE3QoCDqk=":{"valueMac":{"type":"Buffer","data":"k/UDbERSZiNOpBIRWUiriRkJ0O3IPAjDU/5BqeRNz2w="}}}}