{"noiseKey":{"private":{"type":"Buffer","data":"IGJqBAGr6SgD+w2LeH7+VFsxbBy89W2LmOIDLHUp3EM="},"public":{"type":"Buffer","data":"tHvT13UzFwu+Zb0uRrXZfKof/R/wqQ+zhkR3tNdsYEA="}},"pairingEphemeralKeyPair":{"private":{"type":"Buffer","data":"KACbwX4DuQH2e8psv23NEbLjomQfHxaBrw3izmA+XmA="},"public":{"type":"Buffer","data":"IlbOvlJrBeLvUNdToeCA6PaHYBTWcEmbQtBWeapAWVI="}},"signedIdentityKey":{"private":{"type":"Buffer","data":"QC33Erc/V6XPO2PcVonsJoiwiJ+Lwr94gU/nvfc+2mQ="},"public":{"type":"Buffer","data":"ifHcQOCh52rR2bPxLAK6buUDlKg9H/MqCYDBkhRf0Wg="}},"signedPreKey":{"keyPair":{"private":{"type":"Buffer","data":"yAem2c5ZfBqr+FFOwlgWsBO+RdYQrJO1wegAYqHA+nM="},"public":{"type":"Buffer","data":"3MT0K/vTj2Cwc9lHRM5/Be8iHs85Wp2g15wDGNixlxI="}},"signature":{"type":"Buffer","data":"fDLGDP34WQWSyh9jX6FmVpHjj+PRNUt6TSrfHu+up80NaUFS7RVdHawEo03Spq1mUqDud8D8Po9tzEn/4l8BiA=="},"keyId":1},"registrationId":127,"advSecretKey":"EG3nbYHnXTJ5QAOR82v1l8nfsm+MjnGAHwZ+v3gIXoU=","processedHistoryMessages":[{"key":{"remoteJid":"5512981606045@s.whatsapp.net","fromMe":true,"id":"C752BAB580A791C9E12FCAF9302EC80D"},"messageTimestamp":1751294742},{"key":{"remoteJid":"5512981606045@s.whatsapp.net","fromMe":true,"id":"7303E06F520024EB1BC9ED35E8E78799"},"messageTimestamp":1751294743},{"key":{"remoteJid":"5512981606045@s.whatsapp.net","fromMe":true,"id":"7AC02886E995DAA92C5063B6181A8BBD"},"messageTimestamp":1751294754},{"key":{"remoteJid":"5512981606045@s.whatsapp.net","fromMe":true,"id":"B68A25BA8CB819715CB97AAB637D5223"},"messageTimestamp":1751294763},{"key":{"remoteJid":"5512981606045@s.whatsapp.net","fromMe":true,"id":"ED01186BBADCD8761D8CBDB7CE056CC6"},"messageTimestamp":1751294775},{"key":{"remoteJid":"5512981606045@s.whatsapp.net","fromMe":true,"id":"3E4526D9720C899EBBE36E45FFF25F68"},"messageTimestamp":1751294787},{"key":{"remoteJid":"5512981606045@s.whatsapp.net","fromMe":true,"id":"641FC1A9EECE8796655F4FE6F95426FD"},"messageTimestamp":1751294797},{"key":{"remoteJid":"5512981606045@s.whatsapp.net","fromMe":true,"id":"5494AD8949141892826BC5D5F2F82A75"},"messageTimestamp":1751294808},{"key":{"remoteJid":"5512981606045@s.whatsapp.net","fromMe":true,"id":"4BE44C346E55C9D0F610561ECA2EACF0"},"messageTimestamp":1751294818}],"nextPreKeyId":31,"firstUnuploadedPreKeyId":31,"accountSyncCounter":1,"accountSettings":{"unarchiveChats":false},"registered":false,"account":{"details":"CO33s9UBEJDGisMGGAEgACgA","accountSignatureKey":"yPTqibDgMBHSF/6bURQ7H0PU/2gaGPQ3YHT8AGsvzTY=","accountSignature":"w5n4Cldfr+AIt4jYv/OtdAzcBCWGsdFtYs6WkInV0VxS8X+AmDsifFe8Pbo28PH6xvc5zdOv56u1/Y4v3XwdDA==","deviceSignature":"zPlHKm/LLU3asnKdEXO+xmb3ha23vVms6WcdUtPjA4MU1dNWVpHbeoF3Lszu6PBJGHBaPOHfgSQoWNn9Oh5qhA=="},"me":{"id":"5512981606045:4@s.whatsapp.net","lid":"88364774604805:4@lid","name":"."},"signalIdentities":[{"identifier":{"name":"5512981606045:4@s.whatsapp.net","deviceId":0},"identifierKey":{"type":"Buffer","data":"Bcj06omw4DAR0hf+m1EUOx9D1P9oGhj0N2B0/ABrL802"}}],"platform":"android","routingInfo":{"type":"Buffer","data":"CAUICA=="},"lastAccountSyncTimestamp":1751294739,"lastPropHash":"3R9Z39","myAppStateKeyId":"AAAAAJkh"}