{"_sessions":{"BWkPvKtmxbOY7dXZXZDhYxodrGVXdDUDP/cG35fIgZsB":{"registrationId":593556024,"currentRatchet":{"ephemeralKeyPair":{"pubKey":"BR3DyuOv4/8a9nXhZNmpfgVi2e4d/Xps7rOhhBMhlzRJ","privKey":"+PYB/uxuA+nsDHQVBo/RgwWjgYr0Qc02LiLmQ8WyGUE="},"lastRemoteEphemeralKey":"BU6CHyR4v0n/XEvwQAxDv7w8qXy9qndbnz92MQfcoM0R","previousCounter":0,"rootKey":"CKyLFbDdmrueqTFin2kGeRlIpZjLk5qrx6MuKWMtPDo="},"indexInfo":{"baseKey":"BWkPvKtmxbOY7dXZXZDhYxodrGVXdDUDP/cG35fIgZsB","baseKeyType":2,"closed":-1,"used":1751294740559,"created":1751294740559,"remoteIdentityKey":"Bcj06omw4DAR0hf+m1EUOx9D1P9oGhj0N2B0/ABrL802"},"_chains":{"BU6CHyR4v0n/XEvwQAxDv7w8qXy9qndbnz92MQfcoM0R":{"chainKey":{"counter":13,"key":"NdRGJstHCzpHW9GHvkLbKPV9e+qVrDGRQbJDhhvsJMY="},"chainType":2,"messageKeys":{}},"BR3DyuOv4/8a9nXhZNmpfgVi2e4d/Xps7rOhhBMhlzRJ":{"chainKey":{"counter":0,"key":"DDrVGU+iRQAJAaYy3XEwNOKn2bFQgZoUKBW755kh96w="},"chainType":1,"messageKeys":{}}}}},"version":"v1"}