insert into "public"."USER_GENDER"
    (
        "id", "name", "creationTimestamp", "updateTimestamp"
    )
    values
    (
        'male',
        'Masculino',
        '2003-07-25 04:47:44.663439',
        '2014-12-26 00:23:45.386895'
    );

insert into "public"."USER_GENDER"
    (
        "id", "name", "creationTimestamp", "updateTimestamp"
    )
    values
    (
        'female',
        'Feminino',
        '2015-06-22 01:08:34.954357',
        '2006-02-19 19:05:09.593125'
    );

insert into "public"."LANGUAGE"
    (
        "code", "number", "name", "creationTimestamp", "updateTimestamp"
    )
    values
    (
        'pt-BR',
        1,
        'Português (Brasil)',
        '2003-05-03 06:14:24.948778',
        '2015-06-23 10:55:55.890131'
    );

insert into "public"."LANGUAGE"
    (
        "code", "number", "name", "creationTimestamp", "updateTimestamp"
    )
    values
    (
        'en',
        2,
        'English',
        '2000-03-16 22:29:47.3839',
        '2011-01-26 23:10:28.282789'
    );

insert into "public"."CONTINENT"
    (
        "code", "name", "creationTimestamp", "updateTimestamp"
    )
    values
    (
        'AF',
        'Africa',
        '2001-03-10 05:37:51.965179',
        '2003-11-28 07:31:32.951992'
    );

insert into "public"."CONTINENT"
    (
        "code", "name", "creationTimestamp", "updateTimestamp"
    )
    values
    (
        'AN',
        'Antarctica',
        '2008-11-17 03:11:32.782233',
        '2013-03-15 05:56:47.56410'
    );

insert into "public"."CONTINENT"
    (
        "code", "name", "creationTimestamp", "updateTimestamp"
    )
    values
    (
        'AS',
        'Asia',
        '2005-07-14 10:44:22.541049',
        '2008-09-23 03:28:01.719846'
    );

insert into "public"."CONTINENT"
    (
        "code", "name", "creationTimestamp", "updateTimestamp"
    )
    values
    (
        'EU',
        'Europe',
        '2003-02-06 16:00:08.497892',
        '2002-04-14 19:04:04.646956'
    );

insert into "public"."CONTINENT"
    (
        "code", "name", "creationTimestamp", "updateTimestamp"
    )
    values
    (
        'NA',
        'North America',
        '2002-07-05 02:56:10.314782',
        '2002-07-12 03:36:47.396488'
    );

insert into "public"."CONTINENT"
    (
        "code", "name", "creationTimestamp", "updateTimestamp"
    )
    values
    (
        'OC',
        'Oceania',
        '2006-08-02 15:15:56.857317',
        '2002-12-22 11:35:43.699052'
    );

insert into "public"."CONTINENT"
    (
        "code", "name", "creationTimestamp", "updateTimestamp"
    )
    values
    (
        'SA',
        'South America',
        '2010-10-11 17:50:02.84172',
        '2009-09-06 07:54:53.360529'
    );

insert into "public"."COUNTRY"
    (
        "code", "number", "name", "fullName", "continentCode", "iconImagePath", "phonePrefix", "creationTimestamp", "updateTimestamp"
    )
    values
    (
        'AD',
        69.39,
        'Andorra¨fr:Andorre',
        'Kashaninia',
        'EU',
        '/image/flag/AD.svg',
        '+376',
        '2009-08-08 01:40:39.996332',
        '2013-04-12 06:14:55.382892'
    );

insert into "public"."COUNTRY"
    (
        "code", "number", "name", "fullName", "continentCode", "iconImagePath", "phonePrefix", "creationTimestamp", "updateTimestamp"
    )
    values
    (
        'AE',
        32.2,
        'United Arab Emirates¨fr:Émirats arabes unis',
        'Vandoorne',
        'AS',
        '/image/flag/AE.svg',
        '+971',
        '2007-03-27 21:04:43.60349',
        '2009-05-22 22:58:48.414286'
    );

insert into "public"."COUNTRY"
    (
        "code", "number", "name", "fullName", "continentCode", "iconImagePath", "phonePrefix", "creationTimestamp", "updateTimestamp"
    )
    values
    (
        'AF',
        12.23,
        'Afghanistan¨fr:Afghanistan',
        'Engelberg',
        'AS',
        '/image/flag/AF.svg',
        '+93',
        '2010-08-22 22:23:55.183120',
        '2008-12-06 06:40:11.52516'
    );

insert into "public"."COUNTRY"
    (
        "code", "number", "name", "fullName", "continentCode", "iconImagePath", "phonePrefix", "creationTimestamp", "updateTimestamp"
    )
    values
    (
        'AG',
        18.35,
        'Antigua and Barbuda¨fr:Antigua et Barbuda',
        'Moening',
        'NA',
        '/image/flag/AG.svg',
        '+1-268',
        '2009-01-15 07:50:34.237398',
        '2001-10-09 10:05:17.637816'
    );

insert into "public"."COUNTRY"
    (
        "code", "number", "name", "fullName", "continentCode", "iconImagePath", "phonePrefix", "creationTimestamp", "updateTimestamp"
    )
    values
    (
        'AI',
        83.44,
        'Anguilla¨fr:Anguilla',
        'Hughescunningham',
        'NA',
        '/image/flag/AI.svg',
        '+1-264',
        '2011-02-09 08:42:24.915544',
        '2001-07-12 16:02:57.490197'
    );

insert into "public"."COUNTRY"
    (
        "code", "number", "name", "fullName", "continentCode", "iconImagePath", "phonePrefix", "creationTimestamp", "updateTimestamp"
    )
    values
    (
        'AL',
        86.34,
        'Albania¨fr:Albanie',
        'Besson',
        'EU',
        '/image/flag/AL.svg',
        '+355',
        '2005-02-15 08:52:57.657370',
        '2005-05-07 23:58:13.719573'
    );

insert into "public"."COUNTRY"
    (
        "code", "number", "name", "fullName", "continentCode", "iconImagePath", "phonePrefix", "creationTimestamp", "updateTimestamp"
    )
    values
    (
        'AM',
        23.27,
        'Armenia¨fr:Arménie',
        'Swiat',
        'AS',
        '/image/flag/AM.svg',
        '+374',
        '2002-02-26 10:47:18.472407',
        '2007-03-22 16:56:22.436221'
    );

insert into "public"."COUNTRY"
    (
        "code", "number", "name", "fullName", "continentCode", "iconImagePath", "phonePrefix", "creationTimestamp", "updateTimestamp"
    )
    values
    (
        'AO',
        86.24,
        'Angola¨fr:Angola',
        'Katz',
        'AF',
        '/image/flag/AO.svg',
        '+244',
        '2015-06-24 16:07:19.185168',
        '2003-06-23 20:52:11.914407'
    );

insert into "public"."COUNTRY"
    (
        "code", "number", "name", "fullName", "continentCode", "iconImagePath", "phonePrefix", "creationTimestamp", "updateTimestamp"
    )
    values
    (
        'AQ',
        34.25,
        'Antarctica¨fr:Antarctique',
        'Carella',
        'AN',
        '/image/flag/AQ.svg',
        '+672',
        '2003-09-25 10:48:51.255236',
        '2005-03-20 02:19:46.344148'
    );

insert into "public"."COUNTRY"
    (
        "code", "number", "name", "fullName", "continentCode", "iconImagePath", "phonePrefix", "creationTimestamp", "updateTimestamp"
    )
    values
    (
        'AR',
        22.95,
        'Argentina¨fr:Argentine',
        'Kempffer',
        'SA',
        '/image/flag/AR.svg',
        '+54',
        '2012-05-03 16:15:13.179085',
        '2002-02-15 08:45:00.694974'
    );

insert into "public"."COUNTRY"
    (
        "code", "number", "name", "fullName", "continentCode", "iconImagePath", "phonePrefix", "creationTimestamp", "updateTimestamp"
    )
    values
    (
        'AS',
        69.59,
        'American Samoa¨fr:Samoa américaines',
        'Dunnett',
        'OC',
        '/image/flag/AS.svg',
        '+1-684',
        '2012-07-13 18:36:01.139134',
        '2001-06-22 04:45:43.993580'
    );

insert into "public"."COUNTRY"
    (
        "code", "number", "name", "fullName", "continentCode", "iconImagePath", "phonePrefix", "creationTimestamp", "updateTimestamp"
    )
    values
    (
        'AT',
        87.61,
        'Austria¨fr:Autriche',
        'Pepper',
        'EU',
        '/image/flag/AT.svg',
        '+43',
        '2011-12-23 21:39:32.340444',
        '2009-08-24 19:14:37.173373'
    );

insert into "public"."COUNTRY"
    (
        "code", "number", "name", "fullName", "continentCode", "iconImagePath", "phonePrefix", "creationTimestamp", "updateTimestamp"
    )
    values
    (
        'AU',
        47.08,
        'Australia¨fr:Australie',
        'Guilford',
        'OC',
        '/image/flag/AU.svg',
        '+61',
        '2008-11-01 11:27:16.987578',
        '2004-04-11 23:57:50.828151'
    );

insert into "public"."COUNTRY"
    (
        "code", "number", "name", "fullName", "continentCode", "iconImagePath", "phonePrefix", "creationTimestamp", "updateTimestamp"
    )
    values
    (
        'AW',
        31.79,
        'Aruba¨fr:Aruba',
        'Ctas',
        'NA',
        '/image/flag/AW.svg',
        '+297',
        '2010-01-02 20:23:08.701589',
        '2001-10-16 17:08:38.233239'
    );

insert into "public"."COUNTRY"
    (
        "code", "number", "name", "fullName", "continentCode", "iconImagePath", "phonePrefix", "creationTimestamp", "updateTimestamp"
    )
    values
    (
        'AX',
        96.82,
        'Åland Islands¨fr:Îles Åland',
        'Ulgen',
        'EU',
        '/image/flag/AX.svg',
        '+358',
        '2006-10-15 04:50:14.387311',
        '2002-12-03 19:34:34.197789'
    );

insert into "public"."COUNTRY"
    (
        "code", "number", "name", "fullName", "continentCode", "iconImagePath", "phonePrefix", "creationTimestamp", "updateTimestamp"
    )
    values
    (
        'AZ',
        29.99,
        'Azerbaijan¨fr:Azerbaïdjan',
        'Marti',
        'AS',
        '/image/flag/AZ.svg',
        '+994',
        '2013-11-19 22:11:49.7026',
        '2015-04-08 09:25:49.139719'
    );

insert into "public"."COUNTRY"
    (
        "code", "number", "name", "fullName", "continentCode", "iconImagePath", "phonePrefix", "creationTimestamp", "updateTimestamp"
    )
    values
    (
        'BA',
        94.76,
        'Bosnia and Herzegovina¨fr:Bosnie-Herzégovine',
        'Cardella',
        'EU',
        '/image/flag/BA.svg',
        '+387',
        '2013-11-16 12:04:39.631609',
        '2013-05-24 02:41:02.568040'
    );

insert into "public"."COUNTRY"
    (
        "code", "number", "name", "fullName", "continentCode", "iconImagePath", "phonePrefix", "creationTimestamp", "updateTimestamp"
    )
    values
    (
        'BB',
        10.2,
        'Barbados¨fr:Barbade',
        'Wingrove',
        'NA',
        '/image/flag/BB.svg',
        '+1-246',
        '2006-03-22 00:48:42.97384',
        '2014-02-27 12:10:34.524571'
    );

insert into "public"."COUNTRY"
    (
        "code", "number", "name", "fullName", "continentCode", "iconImagePath", "phonePrefix", "creationTimestamp", "updateTimestamp"
    )
    values
    (
        'BD',
        19.24,
        'Bangladesh¨fr:Bangladesh',
        'Moreau',
        'AS',
        '/image/flag/BD.svg',
        '+880',
        '2003-04-01 11:04:35.635979',
        '2001-10-07 10:04:54.269293'
    );

insert into "public"."COUNTRY"
    (
        "code", "number", "name", "fullName", "continentCode", "iconImagePath", "phonePrefix", "creationTimestamp", "updateTimestamp"
    )
    values
    (
        'BE',
        38.48,
        'Belgium¨fr:Belgique',
        'Iu',
        'EU',
        '/image/flag/BE.svg',
        '+32',
        '2002-05-26 23:47:41.202713',
        '2009-12-05 20:13:26.83156'
    );

insert into "public"."COUNTRY"
    (
        "code", "number", "name", "fullName", "continentCode", "iconImagePath", "phonePrefix", "creationTimestamp", "updateTimestamp"
    )
    values
    (
        'BF',
        78.61,
        'Burkina Faso¨fr:Burkina Faso',
        'Papajanis',
        'AF',
        '/image/flag/BF.svg',
        '+226',
        '2007-04-09 12:18:14.571418',
        '2002-11-09 02:12:28.867193'
    );

insert into "public"."COUNTRY"
    (
        "code", "number", "name", "fullName", "continentCode", "iconImagePath", "phonePrefix", "creationTimestamp", "updateTimestamp"
    )
    values
    (
        'BG',
        81.72,
        'Bulgaria¨fr:Bulgarie',
        'Christianson',
        'EU',
        '/image/flag/BG.svg',
        '+359',
        '2012-09-17 12:57:05.164774',
        '2006-12-21 19:10:46.521872'
    );

insert into "public"."COUNTRY"
    (
        "code", "number", "name", "fullName", "continentCode", "iconImagePath", "phonePrefix", "creationTimestamp", "updateTimestamp"
    )
    values
    (
        'BH',
        44.92,
        'Bahrain¨fr:Bahreïn',
        'Bandel',
        'AS',
        '/image/flag/BH.svg',
        '+973',
        '2001-05-03 14:57:49.783189',
        '2014-11-25 20:46:40.232567'
    );

insert into "public"."COUNTRY"
    (
        "code", "number", "name", "fullName", "continentCode", "iconImagePath", "phonePrefix", "creationTimestamp", "updateTimestamp"
    )
    values
    (
        'BI',
        24.12,
        'Burundi¨fr:Burundi',
        'Loa',
        'AF',
        '/image/flag/BI.svg',
        '+257',
        '2014-06-22 06:40:06.684563',
        '2015-02-21 05:35:18.608574'
    );

insert into "public"."COUNTRY"
    (
        "code", "number", "name", "fullName", "continentCode", "iconImagePath", "phonePrefix", "creationTimestamp", "updateTimestamp"
    )
    values
    (
        'BJ',
        33.94,
        'Benin¨fr:Bénin',
        'Hooker',
        'AF',
        '/image/flag/BJ.svg',
        '+229',
        '2012-04-17 02:21:43.939271',
        '2001-05-25 18:03:55.676302'
    );

insert into "public"."COUNTRY"
    (
        "code", "number", "name", "fullName", "continentCode", "iconImagePath", "phonePrefix", "creationTimestamp", "updateTimestamp"
    )
    values
    (
        'BL',
        74.64,
        'Saint Barthelemy¨fr:Saint Barthélemy',
        'Gregory',
        'NA',
        '/image/flag/BL.svg',
        '+590',
        '2002-06-11 16:42:50.706609',
        '2013-04-24 09:02:54.190971'
    );

insert into "public"."COUNTRY"
    (
        "code", "number", "name", "fullName", "continentCode", "iconImagePath", "phonePrefix", "creationTimestamp", "updateTimestamp"
    )
    values
    (
        'BM',
        83.9,
        'Bermuda¨fr:Bermudes',
        'Laba',
        'NA',
        '/image/flag/BM.svg',
        '+1-441',
        '2000-04-21 21:08:40.651537',
        '2007-07-27 14:24:56.945721'
    );

insert into "public"."COUNTRY"
    (
        "code", "number", "name", "fullName", "continentCode", "iconImagePath", "phonePrefix", "creationTimestamp", "updateTimestamp"
    )
    values
    (
        'BN',
        24.89,
        'Brunei¨fr:Brunei',
        'Pittman',
        'AS',
        '/image/flag/BN.svg',
        '+673',
        '2007-02-17 14:40:41.645750',
        '2002-06-14 13:29:16.852751'
    );

insert into "public"."COUNTRY"
    (
        "code", "number", "name", "fullName", "continentCode", "iconImagePath", "phonePrefix", "creationTimestamp", "updateTimestamp"
    )
    values
    (
        'BO',
        37.63,
        'Bolivia¨fr:Bolivie',
        'Warner',
        'SA',
        '/image/flag/BO.svg',
        '+591',
        '2011-07-20 12:29:28.555162',
        '2011-01-08 22:52:57.525944'
    );

insert into "public"."COUNTRY"
    (
        "code", "number", "name", "fullName", "continentCode", "iconImagePath", "phonePrefix", "creationTimestamp", "updateTimestamp"
    )
    values
    (
        'BQ',
        28.84,
        'Caribbean Netherlands¨fr:Antilles néerlandaises',
        'Precoda',
        'NA',
        '/image/flag/BQ.svg',
        '+599',
        '2005-02-04 01:57:43.640352',
        '2010-02-18 18:00:05.724297'
    );

insert into "public"."COUNTRY"
    (
        "code", "number", "name", "fullName", "continentCode", "iconImagePath", "phonePrefix", "creationTimestamp", "updateTimestamp"
    )
    values
    (
        'BR',
        45.87,
        'Brasil¨en:Brazil¨fr:Brésil',
        'Gaiser',
        'SA',
        '/image/flag/BR.svg',
        '+55',
        '2004-03-12 17:11:39.685429',
        '2003-03-24 18:27:02.927159'
    );

insert into "public"."COUNTRY"
    (
        "code", "number", "name", "fullName", "continentCode", "iconImagePath", "phonePrefix", "creationTimestamp", "updateTimestamp"
    )
    values
    (
        'BS',
        57.7,
        'Bahamas¨fr:Bahamas',
        'Gawtrey',
        'NA',
        '/image/flag/BS.svg',
        '+1-242',
        '2000-12-10 03:28:43.26475',
        '2013-06-24 04:58:39.745730'
    );

insert into "public"."COUNTRY"
    (
        "code", "number", "name", "fullName", "continentCode", "iconImagePath", "phonePrefix", "creationTimestamp", "updateTimestamp"
    )
    values
    (
        'BT',
        99.85,
        'Bhutan¨fr:Bhoutan',
        'Mejdal',
        'AS',
        '/image/flag/BT.svg',
        '+975',
        '2010-01-08 19:32:53.654999',
        '2011-07-01 00:07:43.803081'
    );

insert into "public"."COUNTRY"
    (
        "code", "number", "name", "fullName", "continentCode", "iconImagePath", "phonePrefix", "creationTimestamp", "updateTimestamp"
    )
    values
    (
        'BV',
        53.57,
        'Bouvet Island¨fr:L''Île Bouvet',
        'Panter',
        'AN',
        '/image/flag/BV.svg',
        '+47',
        '2003-03-19 16:53:33.742219',
        '2002-11-26 04:45:39.399615'
    );

insert into "public"."COUNTRY"
    (
        "code", "number", "name", "fullName", "continentCode", "iconImagePath", "phonePrefix", "creationTimestamp", "updateTimestamp"
    )
    values
    (
        'BW',
        75.69,
        'Botswana¨fr:Botswana',
        'Amorim',
        'AF',
        '/image/flag/BW.svg',
        '+267',
        '2011-03-13 03:07:25.815506',
        '2011-03-19 11:25:23.23594'
    );

insert into "public"."COUNTRY"
    (
        "code", "number", "name", "fullName", "continentCode", "iconImagePath", "phonePrefix", "creationTimestamp", "updateTimestamp"
    )
    values
    (
        'BY',
        44.8,
        'Belarus¨fr:Bélarus',
        'Hornacek',
        'EU',
        '/image/flag/BY.svg',
        '+375',
        '2011-03-25 21:47:11.672864',
        '2015-02-22 10:40:00.804548'
    );

insert into "public"."COUNTRY"
    (
        "code", "number", "name", "fullName", "continentCode", "iconImagePath", "phonePrefix", "creationTimestamp", "updateTimestamp"
    )
    values
    (
        'BZ',
        41.32,
        'Belize¨fr:Belize',
        'Mendorf',
        'NA',
        '/image/flag/BZ.svg',
        '+501',
        '2014-10-07 00:52:55.76329',
        '2000-11-25 12:17:04.871804'
    );

insert into "public"."COUNTRY"
    (
        "code", "number", "name", "fullName", "continentCode", "iconImagePath", "phonePrefix", "creationTimestamp", "updateTimestamp"
    )
    values
    (
        'CA',
        14.3,
        'Canada¨fr:Canada',
        'Axberg',
        'NA',
        '/image/flag/CA.svg',
        '+1',
        '2006-10-04 04:09:32.524523',
        '2004-08-05 23:14:10.602986'
    );

insert into "public"."COUNTRY"
    (
        "code", "number", "name", "fullName", "continentCode", "iconImagePath", "phonePrefix", "creationTimestamp", "updateTimestamp"
    )
    values
    (
        'CC',
        68.91,
        'Cocos Islands¨fr:Îles Cocos',
        'Op',
        'AS',
        '/image/flag/CC.svg',
        '+61',
        '2008-07-03 06:58:14.933628',
        '2003-04-14 11:05:24.927505'
    );

insert into "public"."COUNTRY"
    (
        "code", "number", "name", "fullName", "continentCode", "iconImagePath", "phonePrefix", "creationTimestamp", "updateTimestamp"
    )
    values
    (
        'CD',
        49.32,
        'Democratic Republic of the Congo¨fr:République démocratique du Congo',
        'Ledamun',
        'AF',
        '/image/flag/CD.svg',
        '+243',
        '2009-03-18 08:33:00.264917',
        '2004-11-18 10:40:29.757356'
    );

insert into "public"."COUNTRY"
    (
        "code", "number", "name", "fullName", "continentCode", "iconImagePath", "phonePrefix", "creationTimestamp", "updateTimestamp"
    )
    values
    (
        'CF',
        86.89,
        'Central African Republic¨fr:République centrafricaine',
        'Missailidis',
        'AF',
        '/image/flag/CF.svg',
        '+236',
        '2015-05-20 19:55:27.65924',
        '2008-12-18 04:13:29.616726'
    );

insert into "public"."COUNTRY"
    (
        "code", "number", "name", "fullName", "continentCode", "iconImagePath", "phonePrefix", "creationTimestamp", "updateTimestamp"
    )
    values
    (
        'CG',
        74.39,
        'Republic of the Congo¨fr:République du Congo',
        'Rimsa',
        'AF',
        '/image/flag/CG.svg',
        '+242',
        '2003-02-24 22:36:59.980858',
        '2000-07-12 17:04:29.51949'
    );

insert into "public"."COUNTRY"
    (
        "code", "number", "name", "fullName", "continentCode", "iconImagePath", "phonePrefix", "creationTimestamp", "updateTimestamp"
    )
    values
    (
        'CH',
        49.16,
        'Switzerland¨fr:Suisse',
        'Olesko',
        'EU',
        '/image/flag/CH.svg',
        '+41',
        '2013-11-26 18:27:22.468931',
        '2012-08-11 04:23:50.62846'
    );

insert into "public"."COUNTRY"
    (
        "code", "number", "name", "fullName", "continentCode", "iconImagePath", "phonePrefix", "creationTimestamp", "updateTimestamp"
    )
    values
    (
        'CI',
        48.29,
        'Ivory Coast¨fr:Côte d''Ivoire',
        'Tynan',
        'AF',
        '/image/flag/CI.svg',
        '+225',
        '2005-01-26 23:27:54.90777',
        '2003-09-28 15:28:38.565708'
    );

insert into "public"."COUNTRY"
    (
        "code", "number", "name", "fullName", "continentCode", "iconImagePath", "phonePrefix", "creationTimestamp", "updateTimestamp"
    )
    values
    (
        'CK',
        82.2,
        'Cook Islands¨fr:Cook Islands',
        'Douglas',
        'OC',
        '/image/flag/CK.svg',
        '+682',
        '2001-12-17 18:34:48.794113',
        '2013-08-04 18:19:08.742216'
    );

insert into "public"."COUNTRY"
    (
        "code", "number", "name", "fullName", "continentCode", "iconImagePath", "phonePrefix", "creationTimestamp", "updateTimestamp"
    )
    values
    (
        'CL',
        33.99,
        'Chile¨fr:Chili',
        'Sterczyk',
        'SA',
        '/image/flag/CL.svg',
        '+56',
        '2010-03-21 11:27:55.755177',
        '2012-04-11 22:06:56.970264'
    );

insert into "public"."COUNTRY"
    (
        "code", "number", "name", "fullName", "continentCode", "iconImagePath", "phonePrefix", "creationTimestamp", "updateTimestamp"
    )
    values
    (
        'CM',
        79.51,
        'Cameroon¨fr:Cameroun',
        'Roger',
        'AF',
        '/image/flag/CM.svg',
        '+237',
        '2004-07-28 21:32:16.568738',
        '2008-02-28 05:28:13.699677'
    );

insert into "public"."COUNTRY"
    (
        "code", "number", "name", "fullName", "continentCode", "iconImagePath", "phonePrefix", "creationTimestamp", "updateTimestamp"
    )
    values
    (
        'CN',
        92.06,
        'China¨fr:Chine',
        'Chambliss',
        'AS',
        '/image/flag/CN.svg',
        '+86',
        '2008-11-01 16:18:08.746281',
        '2014-02-27 00:33:59.396702'
    );

insert into "public"."COUNTRY"
    (
        "code", "number", "name", "fullName", "continentCode", "iconImagePath", "phonePrefix", "creationTimestamp", "updateTimestamp"
    )
    values
    (
        'CO',
        55.99,
        'Colombia¨fr:Colombie',
        'Niebudek',
        'SA',
        '/image/flag/CO.svg',
        '+57',
        '2015-09-27 10:26:14.618453',
        '2010-03-18 17:40:49.625125'
    );

insert into "public"."COUNTRY"
    (
        "code", "number", "name", "fullName", "continentCode", "iconImagePath", "phonePrefix", "creationTimestamp", "updateTimestamp"
    )
    values
    (
        'CR',
        38.27,
        'Costa Rica¨fr:Costa Rica',
        'Carsten',
        'NA',
        '/image/flag/CR.svg',
        '+506',
        '2012-07-14 09:06:33.139451',
        '2015-06-10 20:15:22.650747'
    );

insert into "public"."COUNTRY"
    (
        "code", "number", "name", "fullName", "continentCode", "iconImagePath", "phonePrefix", "creationTimestamp", "updateTimestamp"
    )
    values
    (
        'CU',
        13.57,
        'Cuba¨fr:Cuba',
        'Hixon',
        'NA',
        '/image/flag/CU.svg',
        '+53',
        '2014-08-22 17:37:54.569121',
        '2005-06-10 22:23:32.872620'
    );

insert into "public"."COUNTRY"
    (
        "code", "number", "name", "fullName", "continentCode", "iconImagePath", "phonePrefix", "creationTimestamp", "updateTimestamp"
    )
    values
    (
        'CV',
        49.31,
        'Cape Verde¨fr:Cap-Vert',
        'Senyshyn',
        'AF',
        '/image/flag/CV.svg',
        '+238',
        '2008-05-18 02:45:22.540569',
        '2013-03-16 09:12:33.187649'
    );

insert into "public"."COUNTRY"
    (
        "code", "number", "name", "fullName", "continentCode", "iconImagePath", "phonePrefix", "creationTimestamp", "updateTimestamp"
    )
    values
    (
        'CW',
        93.31,
        'Curacao¨fr:Curaçao',
        'Spindler',
        'NA',
        '/image/flag/CW.svg',
        '+599',
        '2005-03-06 13:39:53.374546',
        '2003-02-19 13:54:24.850682'
    );

insert into "public"."COUNTRY"
    (
        "code", "number", "name", "fullName", "continentCode", "iconImagePath", "phonePrefix", "creationTimestamp", "updateTimestamp"
    )
    values
    (
        'CX',
        44.45,
        'Christmas Island¨fr:Île Christmas',
        'Chardon',
        'AS',
        '/image/flag/CX.svg',
        '+61',
        '2015-08-22 01:53:56.659039',
        '2012-04-22 18:27:20.163227'
    );

insert into "public"."COUNTRY"
    (
        "code", "number", "name", "fullName", "continentCode", "iconImagePath", "phonePrefix", "creationTimestamp", "updateTimestamp"
    )
    values
    (
        'CY',
        42.42,
        'Cyprus¨fr:Chypre',
        'Prashad',
        'AS',
        '/image/flag/CY.svg',
        '+357',
        '2005-10-07 23:00:23.923306',
        '2014-07-13 22:59:59.513856'
    );

insert into "public"."COUNTRY"
    (
        "code", "number", "name", "fullName", "continentCode", "iconImagePath", "phonePrefix", "creationTimestamp", "updateTimestamp"
    )
    values
    (
        'CZ',
        52.79,
        'Czech Republic¨fr:République tchèque',
        'Aderhold',
        'EU',
        '/image/flag/CZ.svg',
        '+420',
        '2010-06-21 02:00:10.573942',
        '2008-09-26 18:58:25.340455'
    );

insert into "public"."COUNTRY"
    (
        "code", "number", "name", "fullName", "continentCode", "iconImagePath", "phonePrefix", "creationTimestamp", "updateTimestamp"
    )
    values
    (
        'DE',
        74.83,
        'Germany¨fr:Allemagne',
        'Torrance',
        'EU',
        '/image/flag/DE.svg',
        '+49',
        '2002-01-25 17:59:25.958811',
        '2000-05-01 06:12:59.21900'
    );

insert into "public"."COUNTRY"
    (
        "code", "number", "name", "fullName", "continentCode", "iconImagePath", "phonePrefix", "creationTimestamp", "updateTimestamp"
    )
    values
    (
        'DJ',
        10.87,
        'Djibouti¨fr:Djibouti',
        'Biel',
        'AF',
        '/image/flag/DJ.svg',
        '+253',
        '2015-04-11 15:59:02.392110',
        '2012-12-10 22:37:19.342151'
    );

insert into "public"."COUNTRY"
    (
        "code", "number", "name", "fullName", "continentCode", "iconImagePath", "phonePrefix", "creationTimestamp", "updateTimestamp"
    )
    values
    (
        'DK',
        60.43,
        'Denmark¨fr:Danemark',
        'Orton',
        'EU',
        '/image/flag/DK.svg',
        '+45',
        '2012-09-14 11:25:43.63234',
        '2002-09-26 13:06:21.609565'
    );

insert into "public"."COUNTRY"
    (
        "code", "number", "name", "fullName", "continentCode", "iconImagePath", "phonePrefix", "creationTimestamp", "updateTimestamp"
    )
    values
    (
        'DM',
        58.67,
        'Dominica¨fr:Dominique',
        'Finucane',
        'NA',
        '/image/flag/DM.svg',
        '+1-767',
        '2004-10-17 17:17:14.298335',
        '2005-03-23 22:42:28.278615'
    );

insert into "public"."COUNTRY"
    (
        "code", "number", "name", "fullName", "continentCode", "iconImagePath", "phonePrefix", "creationTimestamp", "updateTimestamp"
    )
    values
    (
        'DO',
        89.94,
        'Dominican Republic¨fr:République dominicaine',
        'Loewen',
        'NA',
        '/image/flag/DO.svg',
        '+1-809,+1-829,+1-849',
        '2013-12-11 17:49:26.703986',
        '2009-10-26 22:19:05.782348'
    );

insert into "public"."COUNTRY"
    (
        "code", "number", "name", "fullName", "continentCode", "iconImagePath", "phonePrefix", "creationTimestamp", "updateTimestamp"
    )
    values
    (
        'DZ',
        70.3,
        'Algeria¨fr:Algérie',
        'Fixsen',
        'AF',
        '/image/flag/DZ.svg',
        '+213',
        '2002-12-12 09:00:28.50582',
        '2005-04-11 17:00:06.284380'
    );

insert into "public"."COUNTRY"
    (
        "code", "number", "name", "fullName", "continentCode", "iconImagePath", "phonePrefix", "creationTimestamp", "updateTimestamp"
    )
    values
    (
        'EC',
        96.91,
        'Ecuador¨fr:Equateur',
        'Doodeman',
        'SA',
        '/image/flag/EC.svg',
        '+593',
        '2004-12-20 07:05:00.374845',
        '2010-08-10 10:35:07.251529'
    );

insert into "public"."COUNTRY"
    (
        "code", "number", "name", "fullName", "continentCode", "iconImagePath", "phonePrefix", "creationTimestamp", "updateTimestamp"
    )
    values
    (
        'EE',
        47,
        'Estonia¨fr:Estonie',
        'Stastny',
        'EU',
        '/image/flag/EE.svg',
        '+372',
        '2007-02-18 17:20:49.148352',
        '2005-11-10 10:38:37.398871'
    );

insert into "public"."COUNTRY"
    (
        "code", "number", "name", "fullName", "continentCode", "iconImagePath", "phonePrefix", "creationTimestamp", "updateTimestamp"
    )
    values
    (
        'EG',
        31.33,
        'Egypt¨fr:Égypte',
        'Cummings',
        'AF',
        '/image/flag/EG.svg',
        '+20',
        '2003-04-11 10:02:07.186853',
        '2015-05-16 19:58:49.836489'
    );

insert into "public"."COUNTRY"
    (
        "code", "number", "name", "fullName", "continentCode", "iconImagePath", "phonePrefix", "creationTimestamp", "updateTimestamp"
    )
    values
    (
        'EH',
        39.61,
        'Western Sahara¨fr:Sahara occidental',
        'Seidl',
        'AF',
        '/image/flag/EH.svg',
        '+212',
        '2014-10-21 02:20:32.551324',
        '2005-05-18 08:56:03.664472'
    );

insert into "public"."COUNTRY"
    (
        "code", "number", "name", "fullName", "continentCode", "iconImagePath", "phonePrefix", "creationTimestamp", "updateTimestamp"
    )
    values
    (
        'ER',
        91.07,
        'Eritrea¨fr:Erythrée',
        'Tomasetti',
        'AF',
        '/image/flag/ER.svg',
        '+291',
        '2001-07-09 03:40:25.145784',
        '2007-08-23 09:35:17.503918'
    );

insert into "public"."COUNTRY"
    (
        "code", "number", "name", "fullName", "continentCode", "iconImagePath", "phonePrefix", "creationTimestamp", "updateTimestamp"
    )
    values
    (
        'ES',
        57.45,
        'Spain¨fr:Espagne',
        'Antinucci',
        'EU',
        '/image/flag/ES.svg',
        '+34',
        '2006-11-11 14:22:40.606473',
        '2005-05-02 16:57:40.855185'
    );

insert into "public"."COUNTRY"
    (
        "code", "number", "name", "fullName", "continentCode", "iconImagePath", "phonePrefix", "creationTimestamp", "updateTimestamp"
    )
    values
    (
        'ET',
        64.11,
        'Ethiopia¨fr:Ethiopie',
        'Lorint',
        'AF',
        '/image/flag/ET.svg',
        '+251',
        '2007-06-13 13:36:39.693581',
        '2006-06-03 18:51:50.753142'
    );

insert into "public"."COUNTRY"
    (
        "code", "number", "name", "fullName", "continentCode", "iconImagePath", "phonePrefix", "creationTimestamp", "updateTimestamp"
    )
    values
    (
        'FI',
        11.42,
        'Finland¨fr:Finlande',
        'Kingshott',
        'EU',
        '/image/flag/FI.svg',
        '+358',
        '2003-08-13 23:20:11.901544',
        '2011-06-18 21:10:07.348928'
    );

insert into "public"."COUNTRY"
    (
        "code", "number", "name", "fullName", "continentCode", "iconImagePath", "phonePrefix", "creationTimestamp", "updateTimestamp"
    )
    values
    (
        'FJ',
        90.88,
        'Fiji¨fr:Fidji',
        'Mchale',
        'OC',
        '/image/flag/FJ.svg',
        '+679',
        '2000-07-08 09:25:43.994602',
        '2010-04-14 12:31:59.469483'
    );

insert into "public"."COUNTRY"
    (
        "code", "number", "name", "fullName", "continentCode", "iconImagePath", "phonePrefix", "creationTimestamp", "updateTimestamp"
    )
    values
    (
        'FK',
        35.28,
        'Falkland Islands¨fr:Falkland (îles)',
        'Suwanawongse',
        'SA',
        '/image/flag/FK.svg',
        '+500',
        '2004-04-09 21:02:28.230277',
        '2013-05-03 10:22:44.40566'
    );

insert into "public"."COUNTRY"
    (
        "code", "number", "name", "fullName", "continentCode", "iconImagePath", "phonePrefix", "creationTimestamp", "updateTimestamp"
    )
    values
    (
        'FM',
        72.18,
        'Micronesia¨fr:Micronésie',
        'Cavill',
        'OC',
        '/image/flag/FM.svg',
        '+691',
        '2015-05-25 07:12:28.715615',
        '2005-04-28 16:12:06.550068'
    );

insert into "public"."COUNTRY"
    (
        "code", "number", "name", "fullName", "continentCode", "iconImagePath", "phonePrefix", "creationTimestamp", "updateTimestamp"
    )
    values
    (
        'FO',
        33.71,
        'Faroe Islands¨fr:Îles Féroé',
        'Sims',
        'EU',
        '/image/flag/FO.svg',
        '+298',
        '2002-09-03 12:23:44.225665',
        '2006-01-09 12:14:22.125063'
    );

insert into "public"."COUNTRY"
    (
        "code", "number", "name", "fullName", "continentCode", "iconImagePath", "phonePrefix", "creationTimestamp", "updateTimestamp"
    )
    values
    (
        'FR',
        51.58,
        'France¨fr:France',
        'Aud',
        'EU',
        '/image/flag/FR.svg',
        '+33',
        '2009-12-19 11:08:29.522471',
        '2015-07-20 07:14:59.306970'
    );

insert into "public"."COUNTRY"
    (
        "code", "number", "name", "fullName", "continentCode", "iconImagePath", "phonePrefix", "creationTimestamp", "updateTimestamp"
    )
    values
    (
        'GA',
        18.24,
        'Gabon¨fr:Gabon',
        'Loro',
        'AF',
        '/image/flag/GA.svg',
        '+241',
        '2012-06-15 00:31:03.359481',
        '2012-08-04 11:39:21.788574'
    );

insert into "public"."COUNTRY"
    (
        "code", "number", "name", "fullName", "continentCode", "iconImagePath", "phonePrefix", "creationTimestamp", "updateTimestamp"
    )
    values
    (
        'GB',
        38.65,
        'United Kingdom¨fr:Royaume-Uni',
        'Vieiro',
        'EU',
        '/image/flag/GB.svg',
        '+44',
        '2003-02-14 11:45:42.910097',
        '2003-11-10 06:52:48.243698'
    );

insert into "public"."COUNTRY"
    (
        "code", "number", "name", "fullName", "continentCode", "iconImagePath", "phonePrefix", "creationTimestamp", "updateTimestamp"
    )
    values
    (
        'GD',
        11.49,
        'Grenada¨fr:Grenade',
        'Kurylyk',
        'NA',
        '/image/flag/GD.svg',
        '+1-473',
        '2000-04-11 13:28:02.376521',
        '2000-02-28 05:24:53.567845'
    );

insert into "public"."COUNTRY"
    (
        "code", "number", "name", "fullName", "continentCode", "iconImagePath", "phonePrefix", "creationTimestamp", "updateTimestamp"
    )
    values
    (
        'GE',
        91.29,
        'Georgia¨fr:Géorgie',
        'Kuryliak',
        'AS',
        '/image/flag/GE.svg',
        '+995',
        '2002-01-02 07:47:29.979875',
        '2014-07-27 10:14:54.436942'
    );

insert into "public"."COUNTRY"
    (
        "code", "number", "name", "fullName", "continentCode", "iconImagePath", "phonePrefix", "creationTimestamp", "updateTimestamp"
    )
    values
    (
        '*GF',
        95.05,
        'French Guiana',
        'Tyson',
        'SA',
        '/image/flag/*GF.svg',
        'French Guiana',
        '2010-08-25 17:12:08.796852',
        '2006-04-26 22:23:03.307113'
    );

insert into "public"."COUNTRY"
    (
        "code", "number", "name", "fullName", "continentCode", "iconImagePath", "phonePrefix", "creationTimestamp", "updateTimestamp"
    )
    values
    (
        'GG',
        31.84,
        'Guernsey¨fr:Guernesey',
        'Meleg',
        'EU',
        '/image/flag/GG.svg',
        '+44-1481',
        '2012-12-17 13:17:29.926353',
        '2004-11-16 13:59:37.456747'
    );

insert into "public"."COUNTRY"
    (
        "code", "number", "name", "fullName", "continentCode", "iconImagePath", "phonePrefix", "creationTimestamp", "updateTimestamp"
    )
    values
    (
        'GH',
        88.64,
        'Ghana¨fr:Ghana',
        'Mcgillvray',
        'AF',
        '/image/flag/GH.svg',
        '+233',
        '2009-09-27 00:57:33.60183',
        '2007-04-01 16:31:25.876675'
    );

insert into "public"."COUNTRY"
    (
        "code", "number", "name", "fullName", "continentCode", "iconImagePath", "phonePrefix", "creationTimestamp", "updateTimestamp"
    )
    values
    (
        'GI',
        51.58,
        'Gibraltar¨fr:Gibraltar',
        'Tadevich',
        'EU',
        '/image/flag/GI.svg',
        '+350',
        '2005-03-14 10:57:50.983676',
        '2011-06-03 22:29:19.87621'
    );

insert into "public"."COUNTRY"
    (
        "code", "number", "name", "fullName", "continentCode", "iconImagePath", "phonePrefix", "creationTimestamp", "updateTimestamp"
    )
    values
    (
        'GL',
        70.26,
        'Greenland¨fr:Groenland',
        'Byk',
        'NA',
        '/image/flag/GL.svg',
        '+299',
        '2011-01-03 18:37:52.988923',
        '2011-11-18 07:13:36.67775'
    );

insert into "public"."COUNTRY"
    (
        "code", "number", "name", "fullName", "continentCode", "iconImagePath", "phonePrefix", "creationTimestamp", "updateTimestamp"
    )
    values
    (
        'GM',
        99.81,
        'Gambia¨fr:Gambie',
        'Bott',
        'AF',
        '/image/flag/GM.svg',
        '+220',
        '2014-04-27 07:29:52.75181',
        '2003-05-18 10:34:58.38821'
    );

insert into "public"."COUNTRY"
    (
        "code", "number", "name", "fullName", "continentCode", "iconImagePath", "phonePrefix", "creationTimestamp", "updateTimestamp"
    )
    values
    (
        'GN',
        59.53,
        'Guinea¨fr:Guinée',
        'Snelling',
        'AF',
        '/image/flag/GN.svg',
        '+224',
        '2011-12-25 05:52:16.458663',
        '2008-12-03 13:02:13.29973'
    );

insert into "public"."COUNTRY"
    (
        "code", "number", "name", "fullName", "continentCode", "iconImagePath", "phonePrefix", "creationTimestamp", "updateTimestamp"
    )
    values
    (
        'GP',
        50.02,
        'Guadeloupe¨fr:Guadeloupe',
        'Kara',
        'NA',
        '/image/flag/GP.svg',
        '+590',
        '2003-07-13 06:56:02.229105',
        '2005-04-26 08:13:27.645640'
    );

insert into "public"."COUNTRY"
    (
        "code", "number", "name", "fullName", "continentCode", "iconImagePath", "phonePrefix", "creationTimestamp", "updateTimestamp"
    )
    values
    (
        'GQ',
        73.94,
        'Equatorial Guinea¨fr:Guinée équatoriale',
        'Chatterton',
        'AF',
        '/image/flag/GQ.svg',
        '+240',
        '2009-06-03 23:13:37.85012',
        '2007-03-21 00:43:38.397985'
    );

insert into "public"."COUNTRY"
    (
        "code", "number", "name", "fullName", "continentCode", "iconImagePath", "phonePrefix", "creationTimestamp", "updateTimestamp"
    )
    values
    (
        'GR',
        35.54,
        'Greece¨fr:Grèce',
        'Iguchi',
        'EU',
        '/image/flag/GR.svg',
        '+30',
        '2012-02-07 12:35:54.705475',
        '2010-12-08 00:28:40.120826'
    );

insert into "public"."COUNTRY"
    (
        "code", "number", "name", "fullName", "continentCode", "iconImagePath", "phonePrefix", "creationTimestamp", "updateTimestamp"
    )
    values
    (
        'GS',
        14.81,
        'South Georgia and South Sandwich Islands¨fr:Géorgie du Sud et les Îles Sandwich du Sud',
        'Broschuk',
        'AN',
        '/image/flag/GS.svg',
        '+44',
        '2008-03-17 14:31:22.607859',
        '2007-10-06 23:02:50.186919'
    );

insert into "public"."COUNTRY"
    (
        "code", "number", "name", "fullName", "continentCode", "iconImagePath", "phonePrefix", "creationTimestamp", "updateTimestamp"
    )
    values
    (
        'GT',
        34.51,
        'Guatemala¨fr:Guatemala',
        'Mayenburg',
        'NA',
        '/image/flag/GT.svg',
        '+502',
        '2008-08-15 17:26:13.21117',
        '2004-02-02 17:00:21.333040'
    );

insert into "public"."COUNTRY"
    (
        "code", "number", "name", "fullName", "continentCode", "iconImagePath", "phonePrefix", "creationTimestamp", "updateTimestamp"
    )
    values
    (
        'GU',
        86.82,
        'Guam¨fr:Guam',
        'Sunstrum',
        'OC',
        '/image/flag/GU.svg',
        '+1-671',
        '2003-04-17 20:37:53.53288',
        '2004-01-02 17:18:38.540047'
    );

insert into "public"."COUNTRY"
    (
        "code", "number", "name", "fullName", "continentCode", "iconImagePath", "phonePrefix", "creationTimestamp", "updateTimestamp"
    )
    values
    (
        'GW',
        17.97,
        'Guinea-Bissau¨fr:Guinée-Bissau',
        'Parisi',
        'AF',
        '/image/flag/GW.svg',
        '+245',
        '2005-02-14 16:20:22.89692',
        '2013-03-26 09:19:28.853155'
    );

insert into "public"."COUNTRY"
    (
        "code", "number", "name", "fullName", "continentCode", "iconImagePath", "phonePrefix", "creationTimestamp", "updateTimestamp"
    )
    values
    (
        'GY',
        29.93,
        'Guyana¨fr:Guyane',
        'Busuttil',
        'SA',
        '/image/flag/GY.svg',
        '+592',
        '2012-10-08 23:22:06.398514',
        '2006-08-24 21:15:42.550433'
    );

insert into "public"."COUNTRY"
    (
        "code", "number", "name", "fullName", "continentCode", "iconImagePath", "phonePrefix", "creationTimestamp", "updateTimestamp"
    )
    values
    (
        'HK',
        23.26,
        'Hong Kong¨fr:Hong Kong',
        'Steenburg',
        'AS',
        '/image/flag/HK.svg',
        '+852',
        '2004-09-08 13:43:52.651991',
        '2012-03-14 13:09:16.59249'
    );

insert into "public"."COUNTRY"
    (
        "code", "number", "name", "fullName", "continentCode", "iconImagePath", "phonePrefix", "creationTimestamp", "updateTimestamp"
    )
    values
    (
        'HM',
        57.81,
        'Heard and McDonald Islands¨fr:Ïle Heard et les Îles McDonald',
        'Farronato',
        'AN',
        '/image/flag/HM.svg',
        '+61',
        '2008-04-09 05:55:49.628867',
        '2013-03-14 04:13:57.508912'
    );

insert into "public"."COUNTRY"
    (
        "code", "number", "name", "fullName", "continentCode", "iconImagePath", "phonePrefix", "creationTimestamp", "updateTimestamp"
    )
    values
    (
        'HN',
        14.09,
        'Honduras¨fr:Honduras',
        'Bartram',
        'NA',
        '/image/flag/HN.svg',
        '+504',
        '2015-11-27 02:59:53.391244',
        '2005-01-09 16:58:55.355453'
    );

insert into "public"."COUNTRY"
    (
        "code", "number", "name", "fullName", "continentCode", "iconImagePath", "phonePrefix", "creationTimestamp", "updateTimestamp"
    )
    values
    (
        'HR',
        90.74,
        'Croatia¨fr:Croatie',
        'Acton',
        'EU',
        '/image/flag/HR.svg',
        '+385',
        '2014-04-22 15:56:10.442098',
        '2006-11-22 14:04:45.598567'
    );

insert into "public"."COUNTRY"
    (
        "code", "number", "name", "fullName", "continentCode", "iconImagePath", "phonePrefix", "creationTimestamp", "updateTimestamp"
    )
    values
    (
        'HT',
        32.77,
        'Haiti¨fr:Haïti',
        'Lutz',
        'NA',
        '/image/flag/HT.svg',
        '+509',
        '2001-12-18 11:31:23.398986',
        '2012-09-05 19:53:22.489165'
    );

insert into "public"."COUNTRY"
    (
        "code", "number", "name", "fullName", "continentCode", "iconImagePath", "phonePrefix", "creationTimestamp", "updateTimestamp"
    )
    values
    (
        'HU',
        27.53,
        'Hungary¨fr:Hongrie',
        'Becker',
        'EU',
        '/image/flag/HU.svg',
        '+36',
        '2002-08-10 00:03:22.770223',
        '2004-06-19 18:02:21.103518'
    );

insert into "public"."COUNTRY"
    (
        "code", "number", "name", "fullName", "continentCode", "iconImagePath", "phonePrefix", "creationTimestamp", "updateTimestamp"
    )
    values
    (
        'ID',
        97.86,
        'Indonesia¨fr:Indonésie',
        'Andrusiak',
        'AS',
        '/image/flag/ID.svg',
        '+62',
        '2009-09-01 17:14:28.406724',
        '2015-09-09 18:04:06.492998'
    );

insert into "public"."COUNTRY"
    (
        "code", "number", "name", "fullName", "continentCode", "iconImagePath", "phonePrefix", "creationTimestamp", "updateTimestamp"
    )
    values
    (
        'IE',
        47.51,
        'Ireland¨fr:Irlande',
        'Smrkesurbey',
        'EU',
        '/image/flag/IE.svg',
        '+353',
        '2004-10-02 15:14:47.170186',
        '2008-05-25 10:33:39.89539'
    );

insert into "public"."COUNTRY"
    (
        "code", "number", "name", "fullName", "continentCode", "iconImagePath", "phonePrefix", "creationTimestamp", "updateTimestamp"
    )
    values
    (
        'IL',
        61.34,
        'Israel¨fr:Israël',
        'Werewolf',
        'AS',
        '/image/flag/IL.svg',
        '+972',
        '2008-02-13 16:21:15.248853',
        '2006-03-11 18:22:21.592017'
    );

insert into "public"."COUNTRY"
    (
        "code", "number", "name", "fullName", "continentCode", "iconImagePath", "phonePrefix", "creationTimestamp", "updateTimestamp"
    )
    values
    (
        'IM',
        65.43,
        'Isle of Man¨fr:Île de Man',
        'Mccleery',
        'EU',
        '/image/flag/IM.svg',
        '+44-1624',
        '2012-11-19 07:02:10.602227',
        '2004-03-01 03:12:27.179144'
    );

insert into "public"."COUNTRY"
    (
        "code", "number", "name", "fullName", "continentCode", "iconImagePath", "phonePrefix", "creationTimestamp", "updateTimestamp"
    )
    values
    (
        'IN',
        22.04,
        'India¨fr:Inde',
        'Denno',
        'AS',
        '/image/flag/IN.svg',
        '+91',
        '2008-06-28 12:49:37.652922',
        '2004-06-03 07:48:45.27111'
    );

insert into "public"."COUNTRY"
    (
        "code", "number", "name", "fullName", "continentCode", "iconImagePath", "phonePrefix", "creationTimestamp", "updateTimestamp"
    )
    values
    (
        'IO',
        58.22,
        'British Indian Ocean Territory¨fr:Territoire britannique de l''océan Indien',
        'Planche',
        'AS',
        '/image/flag/IO.svg',
        '+246',
        '2013-09-08 15:47:19.636063',
        '2009-06-24 16:01:46.716840'
    );

insert into "public"."COUNTRY"
    (
        "code", "number", "name", "fullName", "continentCode", "iconImagePath", "phonePrefix", "creationTimestamp", "updateTimestamp"
    )
    values
    (
        'IQ',
        72.15,
        'Iraq¨fr:Irak',
        'Materna',
        'AS',
        '/image/flag/IQ.svg',
        '+964',
        '2013-07-28 01:15:45.315458',
        '2011-01-10 07:04:42.839912'
    );

insert into "public"."COUNTRY"
    (
        "code", "number", "name", "fullName", "continentCode", "iconImagePath", "phonePrefix", "creationTimestamp", "updateTimestamp"
    )
    values
    (
        'IR',
        70.02,
        'Iran¨fr:Iran',
        'Spriggs',
        'AS',
        '/image/flag/IR.svg',
        '+98',
        '2015-09-04 04:17:47.544036',
        '2000-12-14 08:14:20.900122'
    );

insert into "public"."COUNTRY"
    (
        "code", "number", "name", "fullName", "continentCode", "iconImagePath", "phonePrefix", "creationTimestamp", "updateTimestamp"
    )
    values
    (
        'IS',
        32.14,
        'Iceland¨fr:Islande',
        'Golczewski',
        'EU',
        '/image/flag/IS.svg',
        '+354',
        '2014-11-26 01:22:19.564245',
        '2014-11-10 12:01:54.429025'
    );

insert into "public"."COUNTRY"
    (
        "code", "number", "name", "fullName", "continentCode", "iconImagePath", "phonePrefix", "creationTimestamp", "updateTimestamp"
    )
    values
    (
        'IT',
        36.22,
        'Italy¨fr:Italie',
        'Lindholm',
        'EU',
        '/image/flag/IT.svg',
        '+39',
        '2002-10-12 01:18:04.61164',
        '2010-11-18 06:38:01.807245'
    );

insert into "public"."COUNTRY"
    (
        "code", "number", "name", "fullName", "continentCode", "iconImagePath", "phonePrefix", "creationTimestamp", "updateTimestamp"
    )
    values
    (
        'JE',
        74.59,
        'Jersey¨fr:Jersey',
        'Stahl',
        'EU',
        '/image/flag/JE.svg',
        '+44-1534',
        '2009-01-03 11:02:06.817220',
        '2006-02-24 08:42:22.960733'
    );

insert into "public"."COUNTRY"
    (
        "code", "number", "name", "fullName", "continentCode", "iconImagePath", "phonePrefix", "creationTimestamp", "updateTimestamp"
    )
    values
    (
        'JM',
        76.72,
        'Jamaica¨fr:Jamaïque',
        'Subick',
        'NA',
        '/image/flag/JM.svg',
        '+1-876',
        '2002-06-02 16:26:55.488429',
        '2006-09-16 00:53:19.231917'
    );

insert into "public"."COUNTRY"
    (
        "code", "number", "name", "fullName", "continentCode", "iconImagePath", "phonePrefix", "creationTimestamp", "updateTimestamp"
    )
    values
    (
        'JO',
        76.22,
        'Jordan¨fr:Jordanie',
        'Desourdy',
        'AS',
        '/image/flag/JO.svg',
        '+962',
        '2015-09-15 22:06:40.68014',
        '2003-06-12 22:58:41.167620'
    );

insert into "public"."COUNTRY"
    (
        "code", "number", "name", "fullName", "continentCode", "iconImagePath", "phonePrefix", "creationTimestamp", "updateTimestamp"
    )
    values
    (
        'JP',
        49.57,
        'Japan¨fr:Japon',
        'Receiving',
        'AS',
        '/image/flag/JP.svg',
        '+81',
        '2006-10-17 13:04:19.891113',
        '2006-03-03 10:45:05.376164'
    );

insert into "public"."COUNTRY"
    (
        "code", "number", "name", "fullName", "continentCode", "iconImagePath", "phonePrefix", "creationTimestamp", "updateTimestamp"
    )
    values
    (
        'KE',
        89.19,
        'Kenya¨fr:Kenya',
        'Didylowski',
        'AF',
        '/image/flag/KE.svg',
        '+254',
        '2000-07-04 08:47:35.787862',
        '2010-09-04 16:20:30.911594'
    );

insert into "public"."COUNTRY"
    (
        "code", "number", "name", "fullName", "continentCode", "iconImagePath", "phonePrefix", "creationTimestamp", "updateTimestamp"
    )
    values
    (
        'KG',
        65.24,
        'Kyrgyzstan¨fr:Kirghizistan',
        'Lapierre',
        'AS',
        '/image/flag/KG.svg',
        '+996',
        '2002-09-19 17:43:14.913983',
        '2013-06-27 14:42:25.733248'
    );

insert into "public"."COUNTRY"
    (
        "code", "number", "name", "fullName", "continentCode", "iconImagePath", "phonePrefix", "creationTimestamp", "updateTimestamp"
    )
    values
    (
        'KH',
        52.28,
        'Cambodia¨fr:Cambodge',
        'Deguire',
        'AS',
        '/image/flag/KH.svg',
        '+855',
        '2003-08-26 13:51:46.582226',
        '2006-10-04 23:56:16.544296'
    );

insert into "public"."COUNTRY"
    (
        "code", "number", "name", "fullName", "continentCode", "iconImagePath", "phonePrefix", "creationTimestamp", "updateTimestamp"
    )
    values
    (
        'KI',
        34.67,
        'Kiribati¨fr:Kiribati',
        'Beaudry',
        'OC',
        '/image/flag/KI.svg',
        '+686',
        '2005-11-11 03:03:11.192398',
        '2015-02-04 14:58:36.932512'
    );

insert into "public"."COUNTRY"
    (
        "code", "number", "name", "fullName", "continentCode", "iconImagePath", "phonePrefix", "creationTimestamp", "updateTimestamp"
    )
    values
    (
        'KM',
        84.5,
        'Comoros¨fr:Comores',
        'Zafarullah',
        'AF',
        '/image/flag/KM.svg',
        '+269',
        '2012-09-18 05:08:41.953875',
        '2013-01-28 09:37:18.682385'
    );

insert into "public"."COUNTRY"
    (
        "code", "number", "name", "fullName", "continentCode", "iconImagePath", "phonePrefix", "creationTimestamp", "updateTimestamp"
    )
    values
    (
        'KN',
        48.23,
        'Saint Kitts and Nevis¨fr:Saint-Kitts-et-Nevis',
        'Koprulu',
        'NA',
        '/image/flag/KN.svg',
        '+1-869',
        '2005-07-21 23:10:15.682611',
        '2004-06-15 17:14:10.102920'
    );

insert into "public"."COUNTRY"
    (
        "code", "number", "name", "fullName", "continentCode", "iconImagePath", "phonePrefix", "creationTimestamp", "updateTimestamp"
    )
    values
    (
        'KP',
        13.21,
        'North Korea¨fr:Corée du Nord',
        'Combaz',
        'AS',
        '/image/flag/KP.svg',
        '+850',
        '2006-04-06 02:21:18.678248',
        '2008-12-02 14:22:32.186393'
    );

insert into "public"."COUNTRY"
    (
        "code", "number", "name", "fullName", "continentCode", "iconImagePath", "phonePrefix", "creationTimestamp", "updateTimestamp"
    )
    values
    (
        'KR',
        80.67,
        'South Korea¨fr:Corée du Sud',
        'Payton',
        'AS',
        '/image/flag/KR.svg',
        '+82',
        '2001-05-20 17:00:39.169269',
        '2000-03-24 05:14:36.581356'
    );

insert into "public"."COUNTRY"
    (
        "code", "number", "name", "fullName", "continentCode", "iconImagePath", "phonePrefix", "creationTimestamp", "updateTimestamp"
    )
    values
    (
        'KW',
        21.28,
        'Kuwait¨fr:Koweït',
        'Moeschet',
        'AS',
        '/image/flag/KW.svg',
        '+965',
        '2004-03-19 12:17:42.333515',
        '2004-02-09 19:05:59.768553'
    );

insert into "public"."COUNTRY"
    (
        "code", "number", "name", "fullName", "continentCode", "iconImagePath", "phonePrefix", "creationTimestamp", "updateTimestamp"
    )
    values
    (
        'KY',
        18.51,
        'Cayman Islands¨fr:Îles Caïmans',
        'Abella',
        'NA',
        '/image/flag/KY.svg',
        '+1-345',
        '2005-02-05 14:47:17.318260',
        '2010-10-07 02:53:10.847752'
    );

insert into "public"."COUNTRY"
    (
        "code", "number", "name", "fullName", "continentCode", "iconImagePath", "phonePrefix", "creationTimestamp", "updateTimestamp"
    )
    values
    (
        'KZ',
        39.63,
        'Kazakhstan¨fr:Kazakhstan',
        'Dhillon',
        'AS',
        '/image/flag/KZ.svg',
        '+7',
        '2000-11-12 17:22:13.125815',
        '2012-04-03 23:30:21.107474'
    );

insert into "public"."COUNTRY"
    (
        "code", "number", "name", "fullName", "continentCode", "iconImagePath", "phonePrefix", "creationTimestamp", "updateTimestamp"
    )
    values
    (
        'LA',
        17.19,
        'Laos¨fr:Laos',
        'Fitzgerald',
        'AS',
        '/image/flag/LA.svg',
        '+856',
        '2004-10-06 11:54:22.749345',
        '2012-08-14 04:35:14.811518'
    );

insert into "public"."COUNTRY"
    (
        "code", "number", "name", "fullName", "continentCode", "iconImagePath", "phonePrefix", "creationTimestamp", "updateTimestamp"
    )
    values
    (
        'LB',
        33.88,
        'Lebanon¨fr:Liban',
        'Burgin',
        'AS',
        '/image/flag/LB.svg',
        '+961',
        '2008-09-17 21:16:20.527162',
        '2006-12-20 18:51:10.612055'
    );

insert into "public"."COUNTRY"
    (
        "code", "number", "name", "fullName", "continentCode", "iconImagePath", "phonePrefix", "creationTimestamp", "updateTimestamp"
    )
    values
    (
        'LC',
        36.24,
        'Saint Lucia¨fr:Sainte-Lucie',
        'Buley',
        'NA',
        '/image/flag/LC.svg',
        '+1-758',
        '2013-03-26 10:50:07.695561',
        '2006-05-13 17:00:20.792422'
    );

insert into "public"."COUNTRY"
    (
        "code", "number", "name", "fullName", "continentCode", "iconImagePath", "phonePrefix", "creationTimestamp", "updateTimestamp"
    )
    values
    (
        'LI',
        99.1,
        'Liechtenstein¨fr:Liechtenstein',
        'Ipadmin',
        'EU',
        '/image/flag/LI.svg',
        '+423',
        '2014-02-20 17:43:07.980614',
        '2014-07-06 07:08:22.392914'
    );

insert into "public"."COUNTRY"
    (
        "code", "number", "name", "fullName", "continentCode", "iconImagePath", "phonePrefix", "creationTimestamp", "updateTimestamp"
    )
    values
    (
        'LK',
        64.36,
        'Sri Lanka¨fr:Sri Lanka',
        'Montijo',
        'AS',
        '/image/flag/LK.svg',
        '+94',
        '2000-05-22 04:49:42.871064',
        '2006-02-20 09:37:53.638984'
    );

insert into "public"."COUNTRY"
    (
        "code", "number", "name", "fullName", "continentCode", "iconImagePath", "phonePrefix", "creationTimestamp", "updateTimestamp"
    )
    values
    (
        'LR',
        31.06,
        'Liberia¨fr:Liberia',
        'Keene',
        'AF',
        '/image/flag/LR.svg',
        '+231',
        '2006-04-08 17:25:29.686553',
        '2010-09-24 07:24:36.597587'
    );

insert into "public"."COUNTRY"
    (
        "code", "number", "name", "fullName", "continentCode", "iconImagePath", "phonePrefix", "creationTimestamp", "updateTimestamp"
    )
    values
    (
        'LS',
        58.68,
        'Lesotho¨fr:Lesotho',
        'Hogue',
        'AF',
        '/image/flag/LS.svg',
        '+266',
        '2010-07-02 23:18:44.400351',
        '2009-03-01 05:05:55.932608'
    );

insert into "public"."COUNTRY"
    (
        "code", "number", "name", "fullName", "continentCode", "iconImagePath", "phonePrefix", "creationTimestamp", "updateTimestamp"
    )
    values
    (
        'LT',
        32.91,
        'Lithuania¨fr:Lituanie',
        'Charter',
        'EU',
        '/image/flag/LT.svg',
        '+370',
        '2007-03-21 23:45:35.144431',
        '2006-08-25 15:29:36.909698'
    );

insert into "public"."COUNTRY"
    (
        "code", "number", "name", "fullName", "continentCode", "iconImagePath", "phonePrefix", "creationTimestamp", "updateTimestamp"
    )
    values
    (
        'LU',
        67.84,
        'Luxembourg¨fr:Luxembourg',
        'Tussey',
        'EU',
        '/image/flag/LU.svg',
        '+352',
        '2010-03-23 13:35:55.168052',
        '2006-09-24 19:39:28.295006'
    );

insert into "public"."COUNTRY"
    (
        "code", "number", "name", "fullName", "continentCode", "iconImagePath", "phonePrefix", "creationTimestamp", "updateTimestamp"
    )
    values
    (
        'LV',
        39.27,
        'Latvia¨fr:Lettonie',
        'Thomason',
        'EU',
        '/image/flag/LV.svg',
        '+371',
        '2000-07-24 21:04:22.598466',
        '2009-03-18 21:25:02.752779'
    );

insert into "public"."COUNTRY"
    (
        "code", "number", "name", "fullName", "continentCode", "iconImagePath", "phonePrefix", "creationTimestamp", "updateTimestamp"
    )
    values
    (
        'LY',
        39.32,
        'Libya¨fr:Libye',
        'Bossert',
        'AF',
        '/image/flag/LY.svg',
        '+218',
        '2001-04-20 01:50:28.253417',
        '2011-04-18 02:30:23.87809'
    );

insert into "public"."COUNTRY"
    (
        "code", "number", "name", "fullName", "continentCode", "iconImagePath", "phonePrefix", "creationTimestamp", "updateTimestamp"
    )
    values
    (
        'MA',
        56.29,
        'Morocco¨fr:Maroc',
        'Squires',
        'AF',
        '/image/flag/MA.svg',
        '+212',
        '2004-04-20 07:30:11.440707',
        '2005-03-19 20:06:48.412649'
    );

insert into "public"."COUNTRY"
    (
        "code", "number", "name", "fullName", "continentCode", "iconImagePath", "phonePrefix", "creationTimestamp", "updateTimestamp"
    )
    values
    (
        'MC',
        45.02,
        'Monaco¨fr:Monaco',
        'Deek',
        'EU',
        '/image/flag/MC.svg',
        '+377',
        '2003-08-28 09:06:06.547230',
        '2013-03-25 08:12:59.818222'
    );

insert into "public"."COUNTRY"
    (
        "code", "number", "name", "fullName", "continentCode", "iconImagePath", "phonePrefix", "creationTimestamp", "updateTimestamp"
    )
    values
    (
        'MD',
        84.5,
        'Moldova¨fr:Moldavie',
        'Warburton',
        'EU',
        '/image/flag/MD.svg',
        '+373',
        '2011-05-03 17:58:28.251662',
        '2005-11-09 23:51:15.258379'
    );

insert into "public"."COUNTRY"
    (
        "code", "number", "name", "fullName", "continentCode", "iconImagePath", "phonePrefix", "creationTimestamp", "updateTimestamp"
    )
    values
    (
        'ME',
        15.92,
        'Montenegro¨fr:Monténégro',
        'Selby',
        'EU',
        '/image/flag/ME.svg',
        '+382',
        '2010-02-19 17:57:04.322156',
        '2004-05-08 12:29:15.742350'
    );

insert into "public"."COUNTRY"
    (
        "code", "number", "name", "fullName", "continentCode", "iconImagePath", "phonePrefix", "creationTimestamp", "updateTimestamp"
    )
    values
    (
        'MF',
        52.2,
        'Saint Martin¨fr:Saint Martin',
        'Makoid',
        'NA',
        '/image/flag/MF.svg',
        '+590',
        '2011-06-12 23:29:31.991062',
        '2013-11-01 07:17:41.325762'
    );

insert into "public"."COUNTRY"
    (
        "code", "number", "name", "fullName", "continentCode", "iconImagePath", "phonePrefix", "creationTimestamp", "updateTimestamp"
    )
    values
    (
        'MG',
        22.5,
        'Madagascar¨fr:Madagascar',
        'Diep',
        'AF',
        '/image/flag/MG.svg',
        '+261',
        '2004-09-25 10:45:40.323669',
        '2002-12-27 07:57:23.913825'
    );

insert into "public"."COUNTRY"
    (
        "code", "number", "name", "fullName", "continentCode", "iconImagePath", "phonePrefix", "creationTimestamp", "updateTimestamp"
    )
    values
    (
        'MH',
        78.67,
        'Marshall Islands¨fr:Marshall Islands',
        'Amarsi',
        'OC',
        '/image/flag/MH.svg',
        '+692',
        '2004-10-15 15:55:32.110220',
        '2009-01-09 08:35:05.898053'
    );

insert into "public"."COUNTRY"
    (
        "code", "number", "name", "fullName", "continentCode", "iconImagePath", "phonePrefix", "creationTimestamp", "updateTimestamp"
    )
    values
    (
        'MK',
        74.91,
        'Macedonia¨fr:Macédoine',
        'Brannan',
        'EU',
        '/image/flag/MK.svg',
        '+389',
        '2003-05-16 07:35:38.599498',
        '2013-11-26 23:59:05.865601'
    );

insert into "public"."COUNTRY"
    (
        "code", "number", "name", "fullName", "continentCode", "iconImagePath", "phonePrefix", "creationTimestamp", "updateTimestamp"
    )
    values
    (
        'ML',
        62.09,
        'Mali¨fr:Mali',
        'Wilford',
        'AF',
        '/image/flag/ML.svg',
        '+223',
        '2013-04-03 02:36:32.633386',
        '2000-06-18 04:42:32.180094'
    );

insert into "public"."COUNTRY"
    (
        "code", "number", "name", "fullName", "continentCode", "iconImagePath", "phonePrefix", "creationTimestamp", "updateTimestamp"
    )
    values
    (
        'MM',
        24.96,
        'Myanmar¨fr:Myanmar',
        'Ricks',
        'AS',
        '/image/flag/MM.svg',
        '+95',
        '2002-02-28 11:16:22.438705',
        '2013-03-16 03:12:25.618924'
    );

insert into "public"."COUNTRY"
    (
        "code", "number", "name", "fullName", "continentCode", "iconImagePath", "phonePrefix", "creationTimestamp", "updateTimestamp"
    )
    values
    (
        'MN',
        38.85,
        'Mongolia¨fr:Mongolie',
        'Shillingford',
        'AS',
        '/image/flag/MN.svg',
        '+976',
        '2003-11-07 18:34:25.983392',
        '2004-07-25 19:38:01.208589'
    );

insert into "public"."COUNTRY"
    (
        "code", "number", "name", "fullName", "continentCode", "iconImagePath", "phonePrefix", "creationTimestamp", "updateTimestamp"
    )
    values
    (
        'MO',
        82.76,
        'Macau¨fr:Macao',
        'Hewitt',
        'AS',
        '/image/flag/MO.svg',
        '+853',
        '2015-08-17 10:35:44.761559',
        '2009-04-05 21:56:28.151835'
    );

insert into "public"."COUNTRY"
    (
        "code", "number", "name", "fullName", "continentCode", "iconImagePath", "phonePrefix", "creationTimestamp", "updateTimestamp"
    )
    values
    (
        'MP',
        32.6,
        'Northern Mariana Islands¨fr:Mariannes du Nord (îles)',
        'Castell',
        'OC',
        '/image/flag/MP.svg',
        '+1-670',
        '2015-10-12 18:09:56.970987',
        '2006-01-14 20:07:15.393133'
    );

insert into "public"."COUNTRY"
    (
        "code", "number", "name", "fullName", "continentCode", "iconImagePath", "phonePrefix", "creationTimestamp", "updateTimestamp"
    )
    values
    (
        'MQ',
        79.04,
        'Martinique¨fr:Martinique',
        'Carrillo',
        'NA',
        '/image/flag/MQ.svg',
        '+596',
        '2014-04-25 00:20:42.947972',
        '2015-09-03 08:20:23.895767'
    );

insert into "public"."COUNTRY"
    (
        "code", "number", "name", "fullName", "continentCode", "iconImagePath", "phonePrefix", "creationTimestamp", "updateTimestamp"
    )
    values
    (
        'MR',
        57.37,
        'Mauritania¨fr:Mauritanie',
        'Weakley',
        'AF',
        '/image/flag/MR.svg',
        '+222',
        '2002-04-13 15:44:57.500011',
        '2015-01-12 03:13:01.324980'
    );

insert into "public"."COUNTRY"
    (
        "code", "number", "name", "fullName", "continentCode", "iconImagePath", "phonePrefix", "creationTimestamp", "updateTimestamp"
    )
    values
    (
        'MS',
        81.77,
        'Montserrat¨fr:Montserrat',
        'Malaher',
        'NA',
        '/image/flag/MS.svg',
        '+1-664',
        '2005-03-06 12:00:24.199032',
        '2015-01-25 12:50:51.647469'
    );

insert into "public"."COUNTRY"
    (
        "code", "number", "name", "fullName", "continentCode", "iconImagePath", "phonePrefix", "creationTimestamp", "updateTimestamp"
    )
    values
    (
        'MT',
        69.25,
        'Malta¨fr:Malte',
        'Behrens',
        'EU',
        '/image/flag/MT.svg',
        '+356',
        '2011-10-16 12:38:43.768051',
        '2006-12-04 03:26:23.43582'
    );

insert into "public"."COUNTRY"
    (
        "code", "number", "name", "fullName", "continentCode", "iconImagePath", "phonePrefix", "creationTimestamp", "updateTimestamp"
    )
    values
    (
        'MU',
        36.44,
        'Mauritius¨fr:Maurice',
        'Druzeta',
        'AF',
        '/image/flag/MU.svg',
        '+230',
        '2010-01-11 14:07:39.499601',
        '2008-04-16 15:01:49.47577'
    );

insert into "public"."COUNTRY"
    (
        "code", "number", "name", "fullName", "continentCode", "iconImagePath", "phonePrefix", "creationTimestamp", "updateTimestamp"
    )
    values
    (
        'MV',
        12.44,
        'Maldives¨fr:Maldives',
        'Dost',
        'AS',
        '/image/flag/MV.svg',
        '+960',
        '2014-11-20 12:31:16.609710',
        '2005-05-23 18:24:00.49457'
    );

insert into "public"."COUNTRY"
    (
        "code", "number", "name", "fullName", "continentCode", "iconImagePath", "phonePrefix", "creationTimestamp", "updateTimestamp"
    )
    values
    (
        'MW',
        74.23,
        'Malawi¨fr:Malawi',
        'Neilly',
        'AF',
        '/image/flag/MW.svg',
        '+265',
        '2010-10-09 04:55:51.169820',
        '2013-12-24 17:00:55.855037'
    );

insert into "public"."COUNTRY"
    (
        "code", "number", "name", "fullName", "continentCode", "iconImagePath", "phonePrefix", "creationTimestamp", "updateTimestamp"
    )
    values
    (
        'MX',
        92.25,
        'Mexico¨fr:Mexique',
        'Dormer',
        'NA',
        '/image/flag/MX.svg',
        '+52',
        '2010-01-26 04:20:38.775884',
        '2008-03-02 15:37:42.754503'
    );

insert into "public"."COUNTRY"
    (
        "code", "number", "name", "fullName", "continentCode", "iconImagePath", "phonePrefix", "creationTimestamp", "updateTimestamp"
    )
    values
    (
        'MY',
        15.21,
        'Malaysia¨fr:Malaisie',
        'Hargrove',
        'AS',
        '/image/flag/MY.svg',
        '+60',
        '2012-06-21 23:49:39.858829',
        '2007-05-22 11:54:31.847125'
    );

insert into "public"."COUNTRY"
    (
        "code", "number", "name", "fullName", "continentCode", "iconImagePath", "phonePrefix", "creationTimestamp", "updateTimestamp"
    )
    values
    (
        'MZ',
        65.28,
        'Mozambique¨fr:Mozambique',
        'Sinkfield',
        'AF',
        '/image/flag/MZ.svg',
        '+258',
        '2007-11-19 08:41:15.587088',
        '2010-07-26 18:06:14.480654'
    );

insert into "public"."COUNTRY"
    (
        "code", "number", "name", "fullName", "continentCode", "iconImagePath", "phonePrefix", "creationTimestamp", "updateTimestamp"
    )
    values
    (
        'NA',
        59.72,
        'Namibia¨fr:Namibie',
        'Stagmier',
        'AF',
        '/image/flag/NA.svg',
        '+264',
        '2001-11-02 22:29:45.755277',
        '2003-11-17 22:53:32.674887'
    );

insert into "public"."COUNTRY"
    (
        "code", "number", "name", "fullName", "continentCode", "iconImagePath", "phonePrefix", "creationTimestamp", "updateTimestamp"
    )
    values
    (
        'NC',
        66.91,
        'New Caledonia¨fr:Nouvelle-Calédonie',
        'Revah',
        'OC',
        '/image/flag/NC.svg',
        '+687',
        '2006-10-19 03:26:14.33616',
        '2013-02-18 07:34:58.170285'
    );

insert into "public"."COUNTRY"
    (
        "code", "number", "name", "fullName", "continentCode", "iconImagePath", "phonePrefix", "creationTimestamp", "updateTimestamp"
    )
    values
    (
        'NE',
        96.65,
        'Niger¨fr:Niger',
        'Marks',
        'AF',
        '/image/flag/NE.svg',
        '+227',
        '2002-07-20 05:15:51.23329',
        '2001-11-03 10:36:15.947592'
    );

insert into "public"."COUNTRY"
    (
        "code", "number", "name", "fullName", "continentCode", "iconImagePath", "phonePrefix", "creationTimestamp", "updateTimestamp"
    )
    values
    (
        '*NF',
        92.6,
        'Norfolk Island',
        'Goudreau',
        'OC',
        '/image/flag/*NF.svg',
        'Norfolk Island',
        '2009-03-09 17:21:45.485104',
        '2010-11-15 12:42:08.62313'
    );

insert into "public"."COUNTRY"
    (
        "code", "number", "name", "fullName", "continentCode", "iconImagePath", "phonePrefix", "creationTimestamp", "updateTimestamp"
    )
    values
    (
        'NG',
        45.3,
        'Nigeria¨fr:Nigeria',
        'Hoppenworth',
        'AF',
        '/image/flag/NG.svg',
        '+234',
        '2005-08-14 10:16:07.431994',
        '2001-02-08 02:11:28.935277'
    );

insert into "public"."COUNTRY"
    (
        "code", "number", "name", "fullName", "continentCode", "iconImagePath", "phonePrefix", "creationTimestamp", "updateTimestamp"
    )
    values
    (
        'NI',
        99.84,
        'Nicaragua¨fr:Nicaragua',
        'Kastner',
        'NA',
        '/image/flag/NI.svg',
        '+505',
        '2001-09-15 14:11:55.282682',
        '2003-05-24 23:10:37.36762'
    );

insert into "public"."COUNTRY"
    (
        "code", "number", "name", "fullName", "continentCode", "iconImagePath", "phonePrefix", "creationTimestamp", "updateTimestamp"
    )
    values
    (
        'NL',
        18.45,
        'Netherlands¨fr:Pays-Bas',
        'Alvaro',
        'EU',
        '/image/flag/NL.svg',
        '+31',
        '2008-04-17 07:12:32.894040',
        '2007-10-06 17:00:55.435659'
    );

insert into "public"."COUNTRY"
    (
        "code", "number", "name", "fullName", "continentCode", "iconImagePath", "phonePrefix", "creationTimestamp", "updateTimestamp"
    )
    values
    (
        'NO',
        20.42,
        'Norway¨fr:Norvège',
        'Mcgill',
        'EU',
        '/image/flag/NO.svg',
        '+47',
        '2004-06-07 01:37:10.267262',
        '2011-08-01 07:49:59.289459'
    );

insert into "public"."COUNTRY"
    (
        "code", "number", "name", "fullName", "continentCode", "iconImagePath", "phonePrefix", "creationTimestamp", "updateTimestamp"
    )
    values
    (
        'NP',
        38.43,
        'Nepal¨fr:Népal',
        'Lashmit',
        'AS',
        '/image/flag/NP.svg',
        '+977',
        '2000-06-24 22:19:49.298177',
        '2015-09-02 02:03:03.365648'
    );

insert into "public"."COUNTRY"
    (
        "code", "number", "name", "fullName", "continentCode", "iconImagePath", "phonePrefix", "creationTimestamp", "updateTimestamp"
    )
    values
    (
        'NR',
        75.16,
        'Nauru¨fr:Nauru',
        'Pietrzak',
        'OC',
        '/image/flag/NR.svg',
        '+674',
        '2002-09-03 07:30:04.28205',
        '2010-03-28 13:11:27.479373'
    );

insert into "public"."COUNTRY"
    (
        "code", "number", "name", "fullName", "continentCode", "iconImagePath", "phonePrefix", "creationTimestamp", "updateTimestamp"
    )
    values
    (
        'NU',
        29.27,
        'Niue¨fr:Niue',
        'Duchesne',
        'OC',
        '/image/flag/NU.svg',
        '+683',
        '2010-08-07 15:44:11.499148',
        '2010-03-07 08:58:42.868800'
    );

insert into "public"."COUNTRY"
    (
        "code", "number", "name", "fullName", "continentCode", "iconImagePath", "phonePrefix", "creationTimestamp", "updateTimestamp"
    )
    values
    (
        'NZ',
        37.28,
        'New Zealand¨fr:Nouvelle-Zélande',
        'Ashurkoff',
        'OC',
        '/image/flag/NZ.svg',
        '+64',
        '2004-04-02 10:24:32.498395',
        '2015-06-07 20:27:53.664073'
    );

insert into "public"."COUNTRY"
    (
        "code", "number", "name", "fullName", "continentCode", "iconImagePath", "phonePrefix", "creationTimestamp", "updateTimestamp"
    )
    values
    (
        'OM',
        60.02,
        'Oman¨fr:Oman',
        'Bogumill',
        'AS',
        '/image/flag/OM.svg',
        '+968',
        '2004-09-26 21:49:20.532898',
        '2003-04-28 17:29:38.423930'
    );

insert into "public"."COUNTRY"
    (
        "code", "number", "name", "fullName", "continentCode", "iconImagePath", "phonePrefix", "creationTimestamp", "updateTimestamp"
    )
    values
    (
        'PA',
        44.77,
        'Panama¨fr:Panama',
        'Labrador',
        'NA',
        '/image/flag/PA.svg',
        '+507',
        '2000-10-07 14:35:18.693857',
        '2011-09-02 14:59:59.515002'
    );

insert into "public"."COUNTRY"
    (
        "code", "number", "name", "fullName", "continentCode", "iconImagePath", "phonePrefix", "creationTimestamp", "updateTimestamp"
    )
    values
    (
        'PE',
        89.44,
        'Peru¨fr:Pérou',
        'Amorim',
        'SA',
        '/image/flag/PE.svg',
        '+51',
        '2010-03-14 21:23:41.534639',
        '2013-12-25 06:44:21.794163'
    );

insert into "public"."COUNTRY"
    (
        "code", "number", "name", "fullName", "continentCode", "iconImagePath", "phonePrefix", "creationTimestamp", "updateTimestamp"
    )
    values
    (
        'PF',
        87.94,
        'French Polynesia¨fr:Polynésie française',
        'Bessey',
        'OC',
        '/image/flag/PF.svg',
        '+689',
        '2006-06-28 01:43:34.498504',
        '2009-07-17 02:14:00.258643'
    );

insert into "public"."COUNTRY"
    (
        "code", "number", "name", "fullName", "continentCode", "iconImagePath", "phonePrefix", "creationTimestamp", "updateTimestamp"
    )
    values
    (
        'PG',
        38.59,
        'Papua New Guinea¨fr:Papouasie-Nouvelle-Guinée',
        'Lopez',
        'OC',
        '/image/flag/PG.svg',
        '+675',
        '2008-02-03 16:53:18.633309',
        '2010-09-12 01:04:22.30283'
    );

insert into "public"."COUNTRY"
    (
        "code", "number", "name", "fullName", "continentCode", "iconImagePath", "phonePrefix", "creationTimestamp", "updateTimestamp"
    )
    values
    (
        'PH',
        96.85,
        'Philippines¨fr:Philippines',
        'Machan',
        'AS',
        '/image/flag/PH.svg',
        '+63',
        '2003-07-06 04:27:52.465992',
        '2009-05-13 12:53:52.407277'
    );

insert into "public"."COUNTRY"
    (
        "code", "number", "name", "fullName", "continentCode", "iconImagePath", "phonePrefix", "creationTimestamp", "updateTimestamp"
    )
    values
    (
        'PK',
        36.26,
        'Pakistan¨fr:Pakistan',
        'Satterfield',
        'AS',
        '/image/flag/PK.svg',
        '+92',
        '2000-04-02 10:45:49.339033',
        '2015-01-11 20:19:50.804915'
    );

insert into "public"."COUNTRY"
    (
        "code", "number", "name", "fullName", "continentCode", "iconImagePath", "phonePrefix", "creationTimestamp", "updateTimestamp"
    )
    values
    (
        'PL',
        53.73,
        'Poland¨fr:Pologne',
        'Stainback',
        'EU',
        '/image/flag/PL.svg',
        '+48',
        '2002-08-01 14:29:47.908367',
        '2011-05-07 00:56:36.89948'
    );

insert into "public"."COUNTRY"
    (
        "code", "number", "name", "fullName", "continentCode", "iconImagePath", "phonePrefix", "creationTimestamp", "updateTimestamp"
    )
    values
    (
        'PM',
        90.33,
        'Saint Pierre and Miquelon¨fr:Saint Pierre et Miquelon',
        'Hillson',
        'NA',
        '/image/flag/PM.svg',
        '+508',
        '2003-05-27 16:04:53.336392',
        '2008-10-26 22:50:49.252453'
    );

insert into "public"."COUNTRY"
    (
        "code", "number", "name", "fullName", "continentCode", "iconImagePath", "phonePrefix", "creationTimestamp", "updateTimestamp"
    )
    values
    (
        'PN',
        41.67,
        'Pitcairn¨fr:Pitcairn',
        'Riehle',
        'OC',
        '/image/flag/PN.svg',
        '+64',
        '2001-07-08 14:48:21.171611',
        '2013-01-06 04:18:37.239349'
    );

insert into "public"."COUNTRY"
    (
        "code", "number", "name", "fullName", "continentCode", "iconImagePath", "phonePrefix", "creationTimestamp", "updateTimestamp"
    )
    values
    (
        'PR',
        34.53,
        'Puerto Rico¨fr:Porto Rico',
        'Beeston',
        'NA',
        '/image/flag/PR.svg',
        '+1-787,+1-939',
        '2006-05-08 09:12:38.234752',
        '2011-01-11 20:02:54.723047'
    );

insert into "public"."COUNTRY"
    (
        "code", "number", "name", "fullName", "continentCode", "iconImagePath", "phonePrefix", "creationTimestamp", "updateTimestamp"
    )
    values
    (
        'PS',
        57.26,
        'Palestine¨fr:Palestine',
        'Endsley',
        'AS',
        '/image/flag/PS.svg',
        '+970',
        '2004-04-19 13:01:19.143276',
        '2009-08-10 10:02:59.220080'
    );

insert into "public"."COUNTRY"
    (
        "code", "number", "name", "fullName", "continentCode", "iconImagePath", "phonePrefix", "creationTimestamp", "updateTimestamp"
    )
    values
    (
        'PT',
        19.85,
        'Portugal¨fr:Portugal',
        'Blakeslee',
        'EU',
        '/image/flag/PT.svg',
        '+351',
        '2014-09-09 02:06:58.932826',
        '2005-07-11 01:41:21.195697'
    );

insert into "public"."COUNTRY"
    (
        "code", "number", "name", "fullName", "continentCode", "iconImagePath", "phonePrefix", "creationTimestamp", "updateTimestamp"
    )
    values
    (
        'PW',
        86.08,
        'Palau¨fr:Palau',
        'Sarin',
        'OC',
        '/image/flag/PW.svg',
        '+680',
        '2015-06-04 03:46:20.124460',
        '2000-02-24 10:03:14.89308'
    );

insert into "public"."COUNTRY"
    (
        "code", "number", "name", "fullName", "continentCode", "iconImagePath", "phonePrefix", "creationTimestamp", "updateTimestamp"
    )
    values
    (
        'PY',
        56.61,
        'Paraguay¨fr:Paraguay',
        'Selic',
        'SA',
        '/image/flag/PY.svg',
        '+595',
        '2014-09-12 06:52:44.944395',
        '2011-06-21 22:42:32.578430'
    );

insert into "public"."COUNTRY"
    (
        "code", "number", "name", "fullName", "continentCode", "iconImagePath", "phonePrefix", "creationTimestamp", "updateTimestamp"
    )
    values
    (
        'QA',
        79.87,
        'Qatar¨fr:Qatar',
        'Minichillo',
        'AS',
        '/image/flag/QA.svg',
        '+974',
        '2009-06-04 22:21:54.970071',
        '2014-05-08 06:35:53.654940'
    );

insert into "public"."COUNTRY"
    (
        "code", "number", "name", "fullName", "continentCode", "iconImagePath", "phonePrefix", "creationTimestamp", "updateTimestamp"
    )
    values
    (
        'RE',
        91.74,
        'Reunion¨fr:Réunion',
        'Devera',
        'AF',
        '/image/flag/RE.svg',
        '+262',
        '2012-09-14 16:14:24.573290',
        '2015-07-13 03:51:31.780810'
    );

insert into "public"."COUNTRY"
    (
        "code", "number", "name", "fullName", "continentCode", "iconImagePath", "phonePrefix", "creationTimestamp", "updateTimestamp"
    )
    values
    (
        'RO',
        41.25,
        'Romania¨fr:Roumanie',
        'Proudfoot',
        'EU',
        '/image/flag/RO.svg',
        '+40',
        '2012-12-19 05:20:37.139452',
        '2010-07-18 18:34:42.928379'
    );

insert into "public"."COUNTRY"
    (
        "code", "number", "name", "fullName", "continentCode", "iconImagePath", "phonePrefix", "creationTimestamp", "updateTimestamp"
    )
    values
    (
        'RS',
        61.79,
        'Serbia¨fr:Serbie',
        'Jee',
        'EU',
        '/image/flag/RS.svg',
        '+381',
        '2013-11-04 16:49:34.397702',
        '2001-06-12 07:01:42.297126'
    );

insert into "public"."COUNTRY"
    (
        "code", "number", "name", "fullName", "continentCode", "iconImagePath", "phonePrefix", "creationTimestamp", "updateTimestamp"
    )
    values
    (
        'RU',
        32.06,
        'Russia¨fr:Russie',
        'Coathup',
        'EU',
        '/image/flag/RU.svg',
        '+7',
        '2014-12-06 08:06:06.592487',
        '2007-04-17 12:21:40.914837'
    );

insert into "public"."COUNTRY"
    (
        "code", "number", "name", "fullName", "continentCode", "iconImagePath", "phonePrefix", "creationTimestamp", "updateTimestamp"
    )
    values
    (
        'RW',
        22.44,
        'Rwanda¨fr:Rwanda',
        'Vacher',
        'AF',
        '/image/flag/RW.svg',
        '+250',
        '2005-08-11 11:46:30.878794',
        '2007-04-07 20:56:46.281457'
    );

insert into "public"."COUNTRY"
    (
        "code", "number", "name", "fullName", "continentCode", "iconImagePath", "phonePrefix", "creationTimestamp", "updateTimestamp"
    )
    values
    (
        'SA',
        51,
        'Saudi Arabia¨fr:Arabie Saoudite',
        'Donak',
        'AS',
        '/image/flag/SA.svg',
        '+966',
        '2008-03-09 19:48:34.368800',
        '2015-10-24 03:03:54.241147'
    );

insert into "public"."COUNTRY"
    (
        "code", "number", "name", "fullName", "continentCode", "iconImagePath", "phonePrefix", "creationTimestamp", "updateTimestamp"
    )
    values
    (
        'SB',
        93.86,
        'Solomon Islands¨fr:Îles Salomon',
        'Oreilly',
        'OC',
        '/image/flag/SB.svg',
        '+677',
        '2015-03-25 09:30:32.822636',
        '2005-04-14 17:47:07.617991'
    );

insert into "public"."COUNTRY"
    (
        "code", "number", "name", "fullName", "continentCode", "iconImagePath", "phonePrefix", "creationTimestamp", "updateTimestamp"
    )
    values
    (
        'SC',
        46.04,
        'Seychelles¨fr:Seychelles',
        'Patchor',
        'AF',
        '/image/flag/SC.svg',
        '+248',
        '2002-12-13 07:29:14.706715',
        '2014-08-25 06:03:08.479444'
    );

insert into "public"."COUNTRY"
    (
        "code", "number", "name", "fullName", "continentCode", "iconImagePath", "phonePrefix", "creationTimestamp", "updateTimestamp"
    )
    values
    (
        'SD',
        72.38,
        'Sudan¨fr:Soudan',
        'Hyers',
        'AF',
        '/image/flag/SD.svg',
        '+249',
        '2015-12-28 23:41:58.753937',
        '2015-09-27 00:45:20.958301'
    );

insert into "public"."COUNTRY"
    (
        "code", "number", "name", "fullName", "continentCode", "iconImagePath", "phonePrefix", "creationTimestamp", "updateTimestamp"
    )
    values
    (
        'SE',
        38.27,
        'Sweden¨fr:Suède',
        'Wallace',
        'EU',
        '/image/flag/SE.svg',
        '+46',
        '2000-02-23 20:58:55.242721',
        '2011-02-24 12:00:22.412599'
    );

insert into "public"."COUNTRY"
    (
        "code", "number", "name", "fullName", "continentCode", "iconImagePath", "phonePrefix", "creationTimestamp", "updateTimestamp"
    )
    values
    (
        'SG',
        79.26,
        'Singapore¨fr:Singapour',
        'Meiser',
        'AS',
        '/image/flag/SG.svg',
        '+65',
        '2015-04-07 22:46:48.626508',
        '2004-10-28 02:24:36.626257'
    );

insert into "public"."COUNTRY"
    (
        "code", "number", "name", "fullName", "continentCode", "iconImagePath", "phonePrefix", "creationTimestamp", "updateTimestamp"
    )
    values
    (
        'SH',
        54.01,
        'Saint Helena¨fr:Sainte-Hélène',
        'Dissinger',
        'AF',
        '/image/flag/SH.svg',
        '+290',
        '2005-10-20 00:31:39.607998',
        '2008-03-15 13:05:40.28953'
    );

insert into "public"."COUNTRY"
    (
        "code", "number", "name", "fullName", "continentCode", "iconImagePath", "phonePrefix", "creationTimestamp", "updateTimestamp"
    )
    values
    (
        'SI',
        23.67,
        'Slovenia¨fr:Slovénie',
        'Mathewson',
        'EU',
        '/image/flag/SI.svg',
        '+386',
        '2010-03-21 02:59:55.327991',
        '2003-08-20 19:19:29.855246'
    );

insert into "public"."COUNTRY"
    (
        "code", "number", "name", "fullName", "continentCode", "iconImagePath", "phonePrefix", "creationTimestamp", "updateTimestamp"
    )
    values
    (
        'SJ',
        62.57,
        'Svalbard and Jan Mayen¨fr:Svalbard et Jan Mayen',
        'Momon',
        'EU',
        '/image/flag/SJ.svg',
        '+47',
        '2003-01-19 02:23:21.408245',
        '2013-08-25 08:32:38.452766'
    );

insert into "public"."COUNTRY"
    (
        "code", "number", "name", "fullName", "continentCode", "iconImagePath", "phonePrefix", "creationTimestamp", "updateTimestamp"
    )
    values
    (
        'SK',
        54.28,
        'Slovakia¨fr:Slovaquie',
        'Montag',
        'EU',
        '/image/flag/SK.svg',
        '+421',
        '2001-05-08 12:09:47.669265',
        '2014-11-16 02:21:33.475184'
    );

insert into "public"."COUNTRY"
    (
        "code", "number", "name", "fullName", "continentCode", "iconImagePath", "phonePrefix", "creationTimestamp", "updateTimestamp"
    )
    values
    (
        'SL',
        87.69,
        'Sierra Leone¨fr:Sierra Leone',
        'Unkles',
        'AF',
        '/image/flag/SL.svg',
        '+232',
        '2011-01-14 02:48:36.747678',
        '2006-01-17 20:10:13.79828'
    );

insert into "public"."COUNTRY"
    (
        "code", "number", "name", "fullName", "continentCode", "iconImagePath", "phonePrefix", "creationTimestamp", "updateTimestamp"
    )
    values
    (
        'SM',
        94.81,
        'San Marino¨fr:Saint-Marin',
        'Loggins',
        'EU',
        '/image/flag/SM.svg',
        '+378',
        '2004-09-21 09:10:42.232196',
        '2006-09-03 23:05:03.929514'
    );

insert into "public"."COUNTRY"
    (
        "code", "number", "name", "fullName", "continentCode", "iconImagePath", "phonePrefix", "creationTimestamp", "updateTimestamp"
    )
    values
    (
        'SN',
        41.42,
        'Senegal¨fr:Sénégal',
        'Ching',
        'AF',
        '/image/flag/SN.svg',
        '+221',
        '2009-08-14 00:46:30.287024',
        '2001-11-22 23:12:53.660181'
    );

insert into "public"."COUNTRY"
    (
        "code", "number", "name", "fullName", "continentCode", "iconImagePath", "phonePrefix", "creationTimestamp", "updateTimestamp"
    )
    values
    (
        'SO',
        84.63,
        'Somalia¨fr:Somalie',
        'Zarate',
        'AF',
        '/image/flag/SO.svg',
        '+252',
        '2005-02-22 10:10:35.407927',
        '2009-05-18 11:56:19.56858'
    );

insert into "public"."COUNTRY"
    (
        "code", "number", "name", "fullName", "continentCode", "iconImagePath", "phonePrefix", "creationTimestamp", "updateTimestamp"
    )
    values
    (
        'SR',
        81.86,
        'Suriname¨fr:Suriname',
        'Hurd',
        'SA',
        '/image/flag/SR.svg',
        '+597',
        '2007-12-06 05:20:18.543641',
        '2009-06-18 09:34:40.33778'
    );

insert into "public"."COUNTRY"
    (
        "code", "number", "name", "fullName", "continentCode", "iconImagePath", "phonePrefix", "creationTimestamp", "updateTimestamp"
    )
    values
    (
        'SS',
        97.2,
        'South Sudan¨fr:Soudan du Sud',
        'Gane',
        'AF',
        '/image/flag/SS.svg',
        '+211',
        '2014-07-16 13:53:44.833646',
        '2011-12-28 08:05:43.86041'
    );

insert into "public"."COUNTRY"
    (
        "code", "number", "name", "fullName", "continentCode", "iconImagePath", "phonePrefix", "creationTimestamp", "updateTimestamp"
    )
    values
    (
        'ST',
        87.98,
        'Sao Tome and Principe¨fr:Sao Tome et Principe',
        'Firat',
        'AF',
        '/image/flag/ST.svg',
        '+239',
        '2015-02-23 00:50:12.281538',
        '2014-03-03 18:05:00.352772'
    );

insert into "public"."COUNTRY"
    (
        "code", "number", "name", "fullName", "continentCode", "iconImagePath", "phonePrefix", "creationTimestamp", "updateTimestamp"
    )
    values
    (
        'SV',
        85.39,
        'El Salvador¨fr:El Salvador',
        'Kneedler',
        'NA',
        '/image/flag/SV.svg',
        '+503',
        '2005-08-25 07:48:14.35144',
        '2014-12-09 16:02:27.873833'
    );

insert into "public"."COUNTRY"
    (
        "code", "number", "name", "fullName", "continentCode", "iconImagePath", "phonePrefix", "creationTimestamp", "updateTimestamp"
    )
    values
    (
        'SX',
        64.86,
        'Sint Maarten¨fr:Sint Maarten',
        'Brockmann',
        'NA',
        '/image/flag/SX.svg',
        '+1-721',
        '2005-10-04 04:03:29.682312',
        '2011-09-13 12:40:36.53828'
    );

insert into "public"."COUNTRY"
    (
        "code", "number", "name", "fullName", "continentCode", "iconImagePath", "phonePrefix", "creationTimestamp", "updateTimestamp"
    )
    values
    (
        'SY',
        82.14,
        'Syria¨fr:Syrie',
        'Gunn',
        'AS',
        '/image/flag/SY.svg',
        '+963',
        '2006-04-20 17:52:24.184852',
        '2007-08-09 23:27:04.109046'
    );

insert into "public"."COUNTRY"
    (
        "code", "number", "name", "fullName", "continentCode", "iconImagePath", "phonePrefix", "creationTimestamp", "updateTimestamp"
    )
    values
    (
        'SZ',
        45.63,
        'Swaziland¨fr:Swaziland',
        'Sotelo',
        'AF',
        '/image/flag/SZ.svg',
        '+268',
        '2006-06-06 06:41:02.926243',
        '2004-03-02 02:10:53.99344'
    );

insert into "public"."COUNTRY"
    (
        "code", "number", "name", "fullName", "continentCode", "iconImagePath", "phonePrefix", "creationTimestamp", "updateTimestamp"
    )
    values
    (
        'TC',
        69.88,
        'Turks and Caicos Islands¨fr:Turks et Caicos (îles)',
        'Tamrazian',
        'NA',
        '/image/flag/TC.svg',
        '+1-649',
        '2013-06-08 08:47:30.308867',
        '2007-09-14 19:57:06.550128'
    );

insert into "public"."COUNTRY"
    (
        "code", "number", "name", "fullName", "continentCode", "iconImagePath", "phonePrefix", "creationTimestamp", "updateTimestamp"
    )
    values
    (
        'TD',
        68.61,
        'Chad¨fr:Tchad',
        'Bansal',
        'AF',
        '/image/flag/TD.svg',
        '+235',
        '2010-01-19 23:10:02.977727',
        '2005-11-03 09:58:27.931585'
    );

insert into "public"."COUNTRY"
    (
        "code", "number", "name", "fullName", "continentCode", "iconImagePath", "phonePrefix", "creationTimestamp", "updateTimestamp"
    )
    values
    (
        'TF',
        61.48,
        'French Southern Lands¨fr:Terres australes françaises',
        'Booking',
        'AN',
        '/image/flag/TF.svg',
        '+33',
        '2006-03-15 23:15:40.802770',
        '2005-08-26 02:47:59.437298'
    );

insert into "public"."COUNTRY"
    (
        "code", "number", "name", "fullName", "continentCode", "iconImagePath", "phonePrefix", "creationTimestamp", "updateTimestamp"
    )
    values
    (
        'TG',
        39.65,
        'Togo¨fr:Togo',
        'Doyon',
        'AF',
        '/image/flag/TG.svg',
        '+228',
        '2001-06-21 23:18:31.524653',
        '2013-12-24 21:48:01.233604'
    );

insert into "public"."COUNTRY"
    (
        "code", "number", "name", "fullName", "continentCode", "iconImagePath", "phonePrefix", "creationTimestamp", "updateTimestamp"
    )
    values
    (
        'TH',
        12.56,
        'Thailand¨fr:Thaïlande',
        'Wakeham',
        'AS',
        '/image/flag/TH.svg',
        '+66',
        '2004-08-16 11:27:38.370827',
        '2011-05-04 21:16:36.597304'
    );

insert into "public"."COUNTRY"
    (
        "code", "number", "name", "fullName", "continentCode", "iconImagePath", "phonePrefix", "creationTimestamp", "updateTimestamp"
    )
    values
    (
        'TJ',
        50.5,
        'Tajikistan¨fr:Tadjikistan',
        'Guin',
        'AS',
        '/image/flag/TJ.svg',
        '+992',
        '2002-03-19 04:13:55.22948',
        '2004-10-27 18:05:36.511839'
    );

insert into "public"."COUNTRY"
    (
        "code", "number", "name", "fullName", "continentCode", "iconImagePath", "phonePrefix", "creationTimestamp", "updateTimestamp"
    )
    values
    (
        'TK',
        21.98,
        'Tokelau¨fr:Tokelau',
        'Savard',
        'OC',
        '/image/flag/TK.svg',
        '+690',
        '2005-08-10 00:30:06.275496',
        '2008-09-18 09:42:28.691857'
    );

insert into "public"."COUNTRY"
    (
        "code", "number", "name", "fullName", "continentCode", "iconImagePath", "phonePrefix", "creationTimestamp", "updateTimestamp"
    )
    values
    (
        'TL',
        17.56,
        'East Timor¨fr:Timor oriental',
        'Vitaglian',
        'AS',
        '/image/flag/TL.svg',
        '+670',
        '2004-05-27 09:28:01.311289',
        '2012-01-18 12:05:36.747519'
    );

insert into "public"."COUNTRY"
    (
        "code", "number", "name", "fullName", "continentCode", "iconImagePath", "phonePrefix", "creationTimestamp", "updateTimestamp"
    )
    values
    (
        'TM',
        18.83,
        'Turkmenistan¨fr:Turkménistan',
        'Souba',
        'AS',
        '/image/flag/TM.svg',
        '+993',
        '2005-08-21 23:42:03.696824',
        '2008-07-07 15:34:18.60533'
    );

insert into "public"."COUNTRY"
    (
        "code", "number", "name", "fullName", "continentCode", "iconImagePath", "phonePrefix", "creationTimestamp", "updateTimestamp"
    )
    values
    (
        'TN',
        71.45,
        'Tunisia¨fr:Tunisie',
        'Ewanchyna',
        'AF',
        '/image/flag/TN.svg',
        '+216',
        '2000-05-08 17:38:22.523850',
        '2010-04-02 20:17:15.983429'
    );

insert into "public"."COUNTRY"
    (
        "code", "number", "name", "fullName", "continentCode", "iconImagePath", "phonePrefix", "creationTimestamp", "updateTimestamp"
    )
    values
    (
        'TO',
        64.77,
        'Tonga¨fr:Tonga',
        'Joshi',
        'OC',
        '/image/flag/TO.svg',
        '+676',
        '2000-09-08 18:49:07.596128',
        '2011-10-04 14:04:09.240251'
    );

insert into "public"."COUNTRY"
    (
        "code", "number", "name", "fullName", "continentCode", "iconImagePath", "phonePrefix", "creationTimestamp", "updateTimestamp"
    )
    values
    (
        'TR',
        28.67,
        'Turkey¨fr:Turquie',
        'Coulman',
        'AS',
        '/image/flag/TR.svg',
        '+90',
        '2005-10-28 22:09:28.989954',
        '2007-02-02 16:39:21.451755'
    );

insert into "public"."COUNTRY"
    (
        "code", "number", "name", "fullName", "continentCode", "iconImagePath", "phonePrefix", "creationTimestamp", "updateTimestamp"
    )
    values
    (
        'TT',
        99.86,
        'Trinidad and Tobago¨fr:Trinité-et-Tobago',
        'Scandrett',
        'NA',
        '/image/flag/TT.svg',
        '+1-868',
        '2004-10-22 03:15:02.295769',
        '2010-06-20 14:53:10.141394'
    );

insert into "public"."COUNTRY"
    (
        "code", "number", "name", "fullName", "continentCode", "iconImagePath", "phonePrefix", "creationTimestamp", "updateTimestamp"
    )
    values
    (
        'TV',
        97.45,
        'Tuvalu¨fr:Tuvalu',
        'Trussler',
        'OC',
        '/image/flag/TV.svg',
        '+688',
        '2001-07-04 04:14:06.330984',
        '2011-01-06 16:00:13.115052'
    );

insert into "public"."COUNTRY"
    (
        "code", "number", "name", "fullName", "continentCode", "iconImagePath", "phonePrefix", "creationTimestamp", "updateTimestamp"
    )
    values
    (
        'TW',
        14.15,
        'Taiwan¨fr:Taiwan',
        'Stegall',
        'AS',
        '/image/flag/TW.svg',
        '+886',
        '2002-07-04 07:35:19.282886',
        '2010-08-06 08:38:37.252049'
    );

insert into "public"."COUNTRY"
    (
        "code", "number", "name", "fullName", "continentCode", "iconImagePath", "phonePrefix", "creationTimestamp", "updateTimestamp"
    )
    values
    (
        'TZ',
        55.95,
        'Tanzania¨fr:Tanzanie',
        'Simpson',
        'AF',
        '/image/flag/TZ.svg',
        '+255',
        '2005-05-28 03:11:26.721311',
        '2010-06-10 11:42:17.90316'
    );

insert into "public"."COUNTRY"
    (
        "code", "number", "name", "fullName", "continentCode", "iconImagePath", "phonePrefix", "creationTimestamp", "updateTimestamp"
    )
    values
    (
        'UA',
        79.41,
        'Ukraine¨fr:Ukraine',
        'Hertzog',
        'EU',
        '/image/flag/UA.svg',
        '+380',
        '2001-10-14 05:56:37.909007',
        '2002-06-10 12:37:18.523029'
    );

insert into "public"."COUNTRY"
    (
        "code", "number", "name", "fullName", "continentCode", "iconImagePath", "phonePrefix", "creationTimestamp", "updateTimestamp"
    )
    values
    (
        'UG',
        69.77,
        'Uganda¨fr:Ouganda',
        'Koslowsky',
        'AF',
        '/image/flag/UG.svg',
        '+256',
        '2002-11-12 02:21:23.654897',
        '2005-02-02 00:57:08.158452'
    );

insert into "public"."COUNTRY"
    (
        "code", "number", "name", "fullName", "continentCode", "iconImagePath", "phonePrefix", "creationTimestamp", "updateTimestamp"
    )
    values
    (
        'UM',
        56.14,
        'United States Minor Outlying Islands¨fr:Îles mineures éloignées des États-Unis',
        'Anzures',
        'OC',
        '/image/flag/UM.svg',
        '+1',
        '2008-11-15 11:32:23.295327',
        '2005-04-26 01:38:12.310140'
    );

insert into "public"."COUNTRY"
    (
        "code", "number", "name", "fullName", "continentCode", "iconImagePath", "phonePrefix", "creationTimestamp", "updateTimestamp"
    )
    values
    (
        'US',
        88.71,
        'United States¨fr:États-Unis',
        'Trevitt',
        'NA',
        '/image/flag/US.svg',
        '+1',
        '2014-09-11 05:33:56.116590',
        '2012-01-20 13:57:33.13906'
    );

insert into "public"."COUNTRY"
    (
        "code", "number", "name", "fullName", "continentCode", "iconImagePath", "phonePrefix", "creationTimestamp", "updateTimestamp"
    )
    values
    (
        'UY',
        54.82,
        'Uruguay¨fr:Uruguay',
        'Yousefpour',
        'SA',
        '/image/flag/UY.svg',
        '+598',
        '2000-12-21 03:09:46.277396',
        '2012-11-20 18:26:32.454966'
    );

insert into "public"."COUNTRY"
    (
        "code", "number", "name", "fullName", "continentCode", "iconImagePath", "phonePrefix", "creationTimestamp", "updateTimestamp"
    )
    values
    (
        'UZ',
        57.09,
        'Uzbekistan¨fr:Ouzbékistan',
        'Dinkel',
        'AS',
        '/image/flag/UZ.svg',
        '+998',
        '2010-07-05 06:56:48.555405',
        '2004-12-21 22:08:04.387315'
    );

insert into "public"."COUNTRY"
    (
        "code", "number", "name", "fullName", "continentCode", "iconImagePath", "phonePrefix", "creationTimestamp", "updateTimestamp"
    )
    values
    (
        'VA',
        51.03,
        'Vatican¨fr:Vatican',
        'Zagorsek',
        'EU',
        '/image/flag/VA.svg',
        '+379',
        '2008-08-13 23:57:29.846140',
        '2009-01-05 03:48:31.597634'
    );

insert into "public"."COUNTRY"
    (
        "code", "number", "name", "fullName", "continentCode", "iconImagePath", "phonePrefix", "creationTimestamp", "updateTimestamp"
    )
    values
    (
        'VC',
        40.61,
        'Saint Vincent and the Grenadines¨fr:Saint Vincent et les Grenadines',
        'Coste',
        'NA',
        '/image/flag/VC.svg',
        '+1-784',
        '2002-05-01 03:37:10.894159',
        '2001-09-26 12:46:10.957011'
    );

insert into "public"."COUNTRY"
    (
        "code", "number", "name", "fullName", "continentCode", "iconImagePath", "phonePrefix", "creationTimestamp", "updateTimestamp"
    )
    values
    (
        'VE',
        35.03,
        'Venezuela¨fr:Venezuela',
        'Hammerli',
        'SA',
        '/image/flag/VE.svg',
        '+58',
        '2008-11-12 02:41:48.806011',
        '2006-07-27 06:43:14.206195'
    );

insert into "public"."COUNTRY"
    (
        "code", "number", "name", "fullName", "continentCode", "iconImagePath", "phonePrefix", "creationTimestamp", "updateTimestamp"
    )
    values
    (
        'VG',
        75.41,
        'British Virgin Islands¨fr:Îles Vierges britanniques',
        'Willets',
        'NA',
        '/image/flag/VG.svg',
        '+1-284',
        '2015-03-04 21:44:03.137493',
        '2011-04-21 05:04:31.954885'
    );

insert into "public"."COUNTRY"
    (
        "code", "number", "name", "fullName", "continentCode", "iconImagePath", "phonePrefix", "creationTimestamp", "updateTimestamp"
    )
    values
    (
        'VI',
        34.68,
        'U.S. Virgin Islands¨fr:Îles Vierges américaines',
        'Busby',
        'NA',
        '/image/flag/VI.svg',
        '+1-340',
        '2010-04-13 04:41:39.229533',
        '2010-03-05 07:31:17.199153'
    );

insert into "public"."COUNTRY"
    (
        "code", "number", "name", "fullName", "continentCode", "iconImagePath", "phonePrefix", "creationTimestamp", "updateTimestamp"
    )
    values
    (
        'VN',
        72.13,
        'Vietnam¨fr:Vietnam',
        'Finane',
        'AS',
        '/image/flag/VN.svg',
        '+84',
        '2007-06-14 02:33:06.643672',
        '2006-02-25 00:57:16.726439'
    );

insert into "public"."COUNTRY"
    (
        "code", "number", "name", "fullName", "continentCode", "iconImagePath", "phonePrefix", "creationTimestamp", "updateTimestamp"
    )
    values
    (
        'VU',
        35.13,
        'Vanuatu¨fr:Vanuatu',
        'Campagna',
        'OC',
        '/image/flag/VU.svg',
        '+678',
        '2005-08-19 10:58:15.589656',
        '2007-12-16 15:46:26.985962'
    );

insert into "public"."COUNTRY"
    (
        "code", "number", "name", "fullName", "continentCode", "iconImagePath", "phonePrefix", "creationTimestamp", "updateTimestamp"
    )
    values
    (
        'WF',
        75.37,
        'Wallis and Futuna¨fr:Wallis et Futuna',
        'Hemme',
        'OC',
        '/image/flag/WF.svg',
        '+681',
        '2011-11-11 04:30:59.995003',
        '2011-09-20 06:47:16.819675'
    );

insert into "public"."COUNTRY"
    (
        "code", "number", "name", "fullName", "continentCode", "iconImagePath", "phonePrefix", "creationTimestamp", "updateTimestamp"
    )
    values
    (
        'WS',
        65.69,
        'Samoa¨fr:Samoa',
        'Culverhouse',
        'OC',
        '/image/flag/WS.svg',
        '+685',
        '2011-12-04 19:24:16.689419',
        '2006-05-04 22:50:45.798149'
    );

insert into "public"."COUNTRY"
    (
        "code", "number", "name", "fullName", "continentCode", "iconImagePath", "phonePrefix", "creationTimestamp", "updateTimestamp"
    )
    values
    (
        'XK',
        66.16,
        'Kosovo¨fr:Kosovo',
        'Brans',
        'EU',
        '/image/flag/XK.svg',
        '+383',
        '2015-07-25 15:12:07.857809',
        '2011-09-20 11:01:57.982735'
    );

insert into "public"."COUNTRY"
    (
        "code", "number", "name", "fullName", "continentCode", "iconImagePath", "phonePrefix", "creationTimestamp", "updateTimestamp"
    )
    values
    (
        'YE',
        61.2,
        'Yemen¨fr:Yémen',
        'Schooley',
        'AS',
        '/image/flag/YE.svg',
        '+967',
        '2009-08-18 20:38:35.532459',
        '2001-05-25 01:57:12.924824'
    );

insert into "public"."COUNTRY"
    (
        "code", "number", "name", "fullName", "continentCode", "iconImagePath", "phonePrefix", "creationTimestamp", "updateTimestamp"
    )
    values
    (
        'YT',
        79.36,
        'Mayotte¨fr:Mayotte',
        'Gahan',
        'AF',
        '/image/flag/YT.svg',
        '+262',
        '2008-11-15 00:09:36.899750',
        '2002-12-13 22:11:49.428341'
    );

insert into "public"."COUNTRY"
    (
        "code", "number", "name", "fullName", "continentCode", "iconImagePath", "phonePrefix", "creationTimestamp", "updateTimestamp"
    )
    values
    (
        'ZA',
        77.49,
        'South Africa¨fr:Afrique du Sud',
        'Piette',
        'AF',
        '/image/flag/ZA.svg',
        '+27',
        '2013-05-04 05:44:28.401021',
        '2010-01-13 12:37:47.160332'
    );

insert into "public"."COUNTRY"
    (
        "code", "number", "name", "fullName", "continentCode", "iconImagePath", "phonePrefix", "creationTimestamp", "updateTimestamp"
    )
    values
    (
        'ZM',
        79.22,
        'Zambia¨fr:Zambie',
        'Helseth',
        'AF',
        '/image/flag/ZM.svg',
        '+260',
        '2009-12-28 06:57:52.139774',
        '2011-01-12 12:23:26.494411'
    );

insert into "public"."COUNTRY"
    (
        "code", "number", "name", "fullName", "continentCode", "iconImagePath", "phonePrefix", "creationTimestamp", "updateTimestamp"
    )
    values
    (
        'ZW',
        31.14,
        'Zimbabwe¨fr:Zimbabwe',
        'Silva',
        'AF',
        '/image/flag/ZW.svg',
        '+263',
        '2005-04-10 03:12:33.357967',
        '2001-05-25 02:21:58.597021'
    );

insert into "public"."CITY"
    (
        "code", "countryCode", "name", "searchName", "provinceName", "countryName", "communityName", "position"
    )
    values
    (
        'SP',
        'BR',
        'São Paulo',
        'sao paulo',
        '',
        'Brasil',
        '',
        ''
    );

insert into "public"."CHURCH_STATUS"
    (
        "id", "name", "creationTimestamp", "updateTimestamp"
    )
    values
    (
        'active',
        'Ativo',
        '2005-12-08 06:40:31.199152',
        '2009-12-03 08:02:05.34842'
    );

insert into "public"."CHURCH_STATUS"
    (
        "id", "name", "creationTimestamp", "updateTimestamp"
    )
    values
    (
        'inactive',
        'Inativo',
        '2012-03-28 20:11:31.334021',
        '2011-06-05 18:35:25.302092'
    );

insert into "public"."CHURCH_STATUS"
    (
        "id", "name", "creationTimestamp", "updateTimestamp"
    )
    values
    (
        'suspended',
        'Suspenso',
        '2006-11-06 02:29:39.727684',
        '2002-11-23 17:26:46.85494'
    );

insert into "public"."USER_STATUS"
    (
        "id", "name", "creationTimestamp", "updateTimestamp"
    )
    values
    (
        'active',
        'Ativo',
        '2011-12-18 01:53:05.500944',
        '2002-11-15 11:06:58.875021'
    );

insert into "public"."USER_STATUS"
    (
        "id", "name", "creationTimestamp", "updateTimestamp"
    )
    values
    (
        'inactive',
        'Inativo',
        '2004-05-08 11:30:50.47328',
        '2011-12-10 20:33:46.427917'
    );

insert into "public"."CURRENCY"
    (
        "code", "pluralName", "singularName", "symbol"
    )
    values
    (
        'BRL',
        'Reais',
        'Real',
        'R$'
    );

insert into "public"."PLAN"
    (
        "id", "name", "number", "description", "monthlyPrice", "annualPrice", "isActive", "isPromoted", "color", "currencyCode", "whatsappLimit", "userLimit", "ministryLimit", "featureArray"
    )
    values
    (
        'basic',
        'Iniciante',
        1,
        'Perfeito para igrejas pequenas',
        99.9,
        1020,
        true,
        false,
        'border-2 border-zapBlue-200 hover:border-zapBlue-400',
        'BRL',
        -1,
        50,
        2,
        '["Até 100 membros","Mensagens ilimitadas","2 ministérios","Notificações de eventos","Suporte por email"]'::JSONB
    );

insert into "public"."PLAN"
    (
        "id", "name", "number", "description", "monthlyPrice", "annualPrice", "isActive", "isPromoted", "color", "currencyCode", "whatsappLimit", "userLimit", "ministryLimit", "featureArray"
    )
    values
    (
        'growth',
        'Crescimento',
        2,
        'Ideal para igrejas em expansão',
        149.9,
        1530,
        true,
        true,
        'border-zapPurple-300 hover:border-zapPurple-500',
        'BRL',
        -1,
        100,
        10,
        '["Até 500 membros","Mensagens ilimitadas","10 ministérios","Notificações de eventos","Mensagens personalizadas","Automações básicas","Suporte prioritário"]'::JSONB
    );

insert into "public"."PLAN"
    (
        "id", "name", "number", "description", "monthlyPrice", "annualPrice", "isActive", "isPromoted", "color", "currencyCode", "whatsappLimit", "userLimit", "ministryLimit", "featureArray"
    )
    values
    (
        'community',
        'Comunidade',
        3,
        'Para igrejas grandes e estabelecidas',
        199.9,
        2040,
        true,
        false,
        'border-zapGold-200 hover:border-zapGold-400',
        'BRL',
        -1,
        -1,
        -1,
        '["Membros ilimitados","Mensagens ilimitadas","Ministérios ilimitados","Todas as funcionalidades","Automações avançadas","Relatórios avançados","API personalizada","Gerente de sucesso dedicado"]'::JSONB
    );

insert into "public"."SUBSCRIPTION_TYPE"
    (
        "id", "name", "number", "creationTimestamp", "updateTimestamp"
    )
    values
    (
        'active',
        'Ativo',
        1,
        '2001-06-12 10:32:27.889441',
        '2005-10-02 09:00:23.106590'
    );

insert into "public"."SUBSCRIPTION_TYPE"
    (
        "id", "name", "number", "creationTimestamp", "updateTimestamp"
    )
    values
    (
        'inactive',
        'Inativo',
        2,
        '2009-02-21 20:39:57.378474',
        '2012-11-24 15:02:31.988623'
    );

insert into "public"."SUBSCRIPTION_TYPE"
    (
        "id", "name", "number", "creationTimestamp", "updateTimestamp"
    )
    values
    (
        'trial',
        'Período gratuíto',
        3,
        '2006-06-07 13:33:20.731214',
        '2007-07-14 01:20:04.726425'
    );

insert into "public"."SUBSCRIPTION_TYPE"
    (
        "id", "name", "number", "creationTimestamp", "updateTimestamp"
    )
    values
    (
        'canceled',
        'Cancelado',
        4,
        '2013-12-26 18:27:42.883276',
        '2001-07-07 07:58:17.861366'
    );

insert into "public"."SUBSCRIPTION_PERIOD"
    (
        "id", "name", "number", "creationTimestamp", "updateTimestamp"
    )
    values
    (
        'monthly',
        'Mensal',
        1,
        '2006-07-22 03:03:55.53920',
        '2007-08-10 04:52:36.770124'
    );

insert into "public"."SUBSCRIPTION_PERIOD"
    (
        "id", "name", "number", "creationTimestamp", "updateTimestamp"
    )
    values
    (
        'annual',
        'Anual',
        2,
        '2010-08-05 01:55:30.767897',
        '2009-10-21 15:02:56.502054'
    );

insert into "public"."SUBSCRIPTION_STATUS"
    (
        "id", "name", "number", "creationTimestamp", "updateTimestamp"
    )
    values
    (
        'paid',
        'Pago',
        1,
        '2010-09-11 22:42:52.944178',
        '2008-10-05 02:34:22.634930'
    );

insert into "public"."SUBSCRIPTION_STATUS"
    (
        "id", "name", "number", "creationTimestamp", "updateTimestamp"
    )
    values
    (
        'pending',
        'Pendente',
        2,
        '2007-01-13 11:27:24.362434',
        '2007-06-28 10:22:23.561536'
    );

insert into "public"."SUBSCRIPTION_STATUS"
    (
        "id", "name", "number", "creationTimestamp", "updateTimestamp"
    )
    values
    (
        'canceled',
        'Cancelado',
        3,
        '2015-07-24 05:57:51.682624',
        '2010-09-12 02:25:26.188578'
    );

insert into "public"."SUBSCRIPTION_STATUS"
    (
        "id", "name", "number", "creationTimestamp", "updateTimestamp"
    )
    values
    (
        'refused',
        'Recusado',
        4,
        '2004-03-11 09:02:00.450403',
        '2012-06-16 18:44:34.650271'
    );

insert into "public"."VALIDATION_STATUS"
    (
        "id", "name", "creationTimestamp", "updateTimestamp"
    )
    values
    (
        'approved',
        'Aprovado',
        '2008-03-19 11:54:46.545891',
        '2014-04-02 10:18:55.828441'
    );

insert into "public"."VALIDATION_STATUS"
    (
        "id", "name", "creationTimestamp", "updateTimestamp"
    )
    values
    (
        'pending',
        'Pendente',
        '2014-09-08 17:33:24.453063',
        '2003-08-21 19:41:54.654739'
    );

insert into "public"."VALIDATION_STATUS"
    (
        "id", "name", "creationTimestamp", "updateTimestamp"
    )
    values
    (
        'rejected',
        'Rejeitado',
        '2014-12-14 08:22:12.390065',
        '2015-03-20 07:47:19.756619'
    );

insert into "public"."MINISTRY_MEMBER_ROLE"
    (
        "id", "name", "creationTimestamp", "updateTimestamp"
    )
    values
    (
        'leader',
        'Líder',
        '2009-03-07 05:30:47.484907',
        '2005-11-18 02:57:54.505987'
    );

insert into "public"."MINISTRY_MEMBER_ROLE"
    (
        "id", "name", "creationTimestamp", "updateTimestamp"
    )
    values
    (
        'vide-leader',
        'Vice-Líder',
        '2015-07-13 17:33:03.835907',
        '2014-02-23 13:05:25.793677'
    );

insert into "public"."MINISTRY_MEMBER_ROLE"
    (
        "id", "name", "creationTimestamp", "updateTimestamp"
    )
    values
    (
        'volunteer',
        'Voluntário',
        '2005-08-05 01:18:35.61613',
        '2007-07-07 09:02:50.573086'
    );

insert into "public"."MINISTRY_MEMBER_ROLE"
    (
        "id", "name", "creationTimestamp", "updateTimestamp"
    )
    values
    (
        'member',
        'Membro',
        '2006-03-07 05:52:09.154721',
        '2011-12-15 10:20:41.87230'
    );

insert into "public"."EVENT_STATUS"
    (
        "id", "name", "description", "creationTimestamp", "updateTimestamp"
    )
    values
    (
        'is-coming',
        'Está por vir',
        'Ampida',
        '2011-12-04 17:40:32.350716',
        '2006-04-10 08:16:47.482576'
    );

insert into "public"."EVENT_STATUS"
    (
        "id", "name", "description", "creationTimestamp", "updateTimestamp"
    )
    values
    (
        'has-passed',
        'Já aconteceu',
        'Iarerdineu',
        '2004-02-13 15:29:04.791509',
        '2009-10-19 12:49:45.849449'
    );

insert into "public"."EVENT_STATUS"
    (
        "id", "name", "description", "creationTimestamp", "updateTimestamp"
    )
    values
    (
        'canceled',
        'Cancelado',
        'Urirbaciddi',
        '2006-07-22 13:21:52.682544',
        '2011-12-08 19:51:26.561841'
    );

insert into "public"."EVENT_STATUS"
    (
        "id", "name", "description", "creationTimestamp", "updateTimestamp"
    )
    values
    (
        'is-happening',
        'Está acontecendo',
        'Berama',
        '2011-05-24 11:14:12.945606',
        '2006-11-25 11:54:36.591107'
    );

insert into "public"."EVENT_TYPE"
    (
        "id", "name", "description", "creationTimestamp", "updateTimestamp"
    )
    values
    (
        'worship',
        'Adoração',
        'Indbexalewi',
        '2007-04-19 11:40:43.545752',
        '2001-11-27 05:30:44.948372'
    );

insert into "public"."EVENT_TYPE"
    (
        "id", "name", "description", "creationTimestamp", "updateTimestamp"
    )
    values
    (
        'bible-study',
        'Estudo bíblico',
        'Ichuffipton',
        '2002-12-08 20:19:13.593812',
        '2003-10-22 18:01:53.899533'
    );

insert into "public"."EVENT_TYPE"
    (
        "id", "name", "description", "creationTimestamp", "updateTimestamp"
    )
    values
    (
        'prayer-meeting',
        'Reunião de oração',
        'Asnybal',
        '2006-10-15 22:00:30.269194',
        '2014-09-08 22:10:59.860322'
    );

insert into "public"."EVENT_TYPE"
    (
        "id", "name", "description", "creationTimestamp", "updateTimestamp"
    )
    values
    (
        'other',
        'Outros',
        'Rianabestele',
        '2010-05-16 07:34:50.824251',
        '2014-07-08 15:20:01.424268'
    );

insert into "public"."ROLE"
    (
        "slug", "name", "description", "creationTimestamp", "updateTimestamp"
    )
    values
    (
        'administrator',
        'Administrator',
        'Intoggiha',
        '2012-12-04 00:36:03.778013',
        '2007-05-23 20:35:10.870396'
    );

insert into "public"."SCHEDULE_STATUS"
    (
        "id", "name", "description", "creationTimestamp", "updateTimestamp"
    )
    values
    (
        'pending',
        'Pendente',
        'Inamun',
        '2013-11-07 12:46:50.75198',
        '2004-04-26 20:49:50.767124'
    );

insert into "public"."SCHEDULE_STATUS"
    (
        "id", "name", "description", "creationTimestamp", "updateTimestamp"
    )
    values
    (
        'sent',
        'Enviado',
        'Carminaleyr',
        '2008-08-22 00:47:43.617903',
        '2014-08-14 15:48:10.248678'
    );

insert into "public"."SCHEDULE_STATUS"
    (
        "id", "name", "description", "creationTimestamp", "updateTimestamp"
    )
    values
    (
        'failed',
        'Falhou',
        'Erahenelle',
        '2002-12-11 08:44:40.625772',
        '2008-06-27 02:39:08.377216'
    );

insert into "public"."RECURRENCE_TYPE"
    (
        "id", "name", "description", "creationTimestamp", "updateTimestamp"
    )
    values
    (
        'none',
        'Sem recorrência',
        'Owlessere',
        '2003-11-01 05:55:50.69733',
        '2014-12-03 18:22:29.289299'
    );

insert into "public"."RECURRENCE_TYPE"
    (
        "id", "name", "description", "creationTimestamp", "updateTimestamp"
    )
    values
    (
        'daily',
        'Diariamente',
        'Bevarburna',
        '2010-01-12 21:11:36.980109',
        '2006-08-20 12:26:31.804314'
    );

insert into "public"."RECURRENCE_TYPE"
    (
        "id", "name", "description", "creationTimestamp", "updateTimestamp"
    )
    values
    (
        'weekly',
        'Semanalmente',
        'Auteco',
        '2013-07-13 12:31:47.338583',
        '2000-07-22 01:16:36.689447'
    );

insert into "public"."RECURRENCE_TYPE"
    (
        "id", "name", "description", "creationTimestamp", "updateTimestamp"
    )
    values
    (
        'monthly',
        'Mensalmente',
        'Ergsoldeg',
        '2012-10-13 08:25:20.227574',
        '2005-02-01 20:39:33.536329'
    );

insert into "public"."RECURRENCE_TYPE"
    (
        "id", "name", "description", "creationTimestamp", "updateTimestamp"
    )
    values
    (
        'yearly',
        'Anualmente',
        'Cararnillety',
        '2007-10-13 11:15:11.798881',
        '2011-08-16 17:49:25.901917'
    );

insert into "public"."NOTIFICATION_TYPE"
    (
        "id", "name", "creationTimestamp", "updateTimestamp"
    )
    values
    (
        'notification',
        'Notificação',
        '2001-10-12 14:53:04.23436',
        '2002-06-04 23:09:12.526403'
    );

insert into "public"."NOTIFICATION_TYPE"
    (
        "id", "name", "creationTimestamp", "updateTimestamp"
    )
    values
    (
        'reminder',
        'Lembrete',
        '2009-05-06 10:51:16.526071',
        '2010-12-07 13:57:51.335168'
    );

insert into "public"."NOTIFICATION_MEDIUM"
    (
        "id", "name", "creationTimestamp", "updateTimestamp"
    )
    values
    (
        'email',
        'Email',
        '2003-02-18 00:55:19.514409',
        '2005-03-14 08:43:19.419110'
    );

insert into "public"."NOTIFICATION_MEDIUM"
    (
        "id", "name", "creationTimestamp", "updateTimestamp"
    )
    values
    (
        'sms',
        'SMS',
        '2012-10-23 21:09:07.901147',
        '2004-01-24 16:50:03.299555'
    );

insert into "public"."NOTIFICATION_MEDIUM"
    (
        "id", "name", "creationTimestamp", "updateTimestamp"
    )
    values
    (
        'whatsapp',
        'WhatsAPP',
        '2014-11-01 22:55:23.301990',
        '2002-01-02 16:01:13.367897'
    );

insert into "public"."NOTIFICATION_MEDIUM"
    (
        "id", "name", "creationTimestamp", "updateTimestamp"
    )
    values
    (
        'push',
        'Push',
        '2010-06-28 10:40:31.810251',
        '2001-06-11 23:08:52.352437'
    );

insert into "public"."NOTIFICATION_CENTER_SEVERITY"
    (
        "id", "name", "description", "creationTimestamp", "updateTimestamp"
    )
    values
    (
        'info',
        'Informativo',
        'Ellangalme',
        '2004-10-25 21:24:37.818245',
        '2002-04-01 15:18:35.631182'
    );

insert into "public"."NOTIFICATION_CENTER_SEVERITY"
    (
        "id", "name", "description", "creationTimestamp", "updateTimestamp"
    )
    values
    (
        'warning',
        'Alerta',
        'Oatwyu',
        '2015-06-20 18:49:32.126320',
        '2015-07-11 08:01:19.49439'
    );

insert into "public"."NOTIFICATION_CENTER_SEVERITY"
    (
        "id", "name", "description", "creationTimestamp", "updateTimestamp"
    )
    values
    (
        'error',
        'Erro',
        'Szetohic',
        '2012-01-13 11:23:54.219148',
        '2001-01-05 15:56:41.526006'
    );

insert into "public"."NOTIFICATION_CENTER_SEVERITY"
    (
        "id", "name", "description", "creationTimestamp", "updateTimestamp"
    )
    values
    (
        'success',
        'Sucesso',
        'Mearajaw',
        '2010-11-21 00:19:35.463743',
        '2007-05-11 15:45:56.439482'
    );

insert into "public"."PRESENCE_STATUS"
    (
        "id", "name", "description", "creationTimestamp", "updateTimestamp"
    )
    values
    (
        'confirmed',
        'Confirmado',
        'Eefsau',
        '2004-04-12 21:20:59.867185',
        '2003-06-21 19:05:54.904890'
    );

insert into "public"."PRESENCE_STATUS"
    (
        "id", "name", "description", "creationTimestamp", "updateTimestamp"
    )
    values
    (
        'absent',
        'Ausente',
        'Immidunenes',
        '2002-02-02 11:08:55.526393',
        '2007-07-22 11:43:48.367214'
    );

insert into "public"."MEDIA_STORAGE_TYPE"
    (
        "id", "name", "description", "creationTimestamp", "updateTimestamp"
    )
    values
    (
        'image',
        'Imagem',
        'Sierahaho',
        '2008-01-12 00:19:55.421516',
        '2011-01-01 02:06:16.976113'
    );

insert into "public"."MEDIA_STORAGE_TYPE"
    (
        "id", "name", "description", "creationTimestamp", "updateTimestamp"
    )
    values
    (
        'video',
        'Video',
        'Mounawa',
        '2003-06-25 18:25:12.668067',
        '2004-01-14 19:57:45.649459'
    );

insert into "public"."MEDIA_STORAGE_TYPE"
    (
        "id", "name", "description", "creationTimestamp", "updateTimestamp"
    )
    values
    (
        'audio',
        'Audio',
        'Anilahmatmor',
        '2005-03-16 17:02:14.653253',
        '2009-10-18 08:42:17.190391'
    );

insert into "public"."MEDIA_STORAGE_TYPE"
    (
        "id", "name", "description", "creationTimestamp", "updateTimestamp"
    )
    values
    (
        'document',
        'Documento',
        'Inetallyrob',
        '2014-11-16 16:38:35.630128',
        '2015-05-01 15:52:42.740122'
    );

insert into "public"."TAG_TYPE"
    (
        "id", "name", "description", "creationTimestamp", "updateTimestamp"
    )
    values
    (
        'event',
        'Evento',
        'Dolebriu',
        '2011-02-01 12:03:59.287554',
        '2008-03-27 20:04:32.94445'
    );

insert into "public"."TAG_TYPE"
    (
        "id", "name", "description", "creationTimestamp", "updateTimestamp"
    )
    values
    (
        'contact',
        'Contato',
        'Anchetti',
        '2000-11-15 08:28:20.512876',
        '2012-07-04 05:14:04.928552'
    );

insert into "public"."TAG_TYPE"
    (
        "id", "name", "description", "creationTimestamp", "updateTimestamp"
    )
    values
    (
        'ministry',
        'Ministério',
        'Areclomis',
        '2007-12-11 19:25:48.576475',
        '2013-04-17 20:59:23.576014'
    );

insert into "public"."TAG_TYPE"
    (
        "id", "name", "description", "creationTimestamp", "updateTimestamp"
    )
    values
    (
        'user',
        'Usuário',
        'Goulata',
        '2002-12-17 01:46:56.295608',
        '2015-04-13 11:39:03.597993'
    );

insert into "public"."MESSAGE_TEMPLATE_CATEGORY"
    (
        "id", "name", "creationTimestamp", "updateTimestamp"
    )
    values
    (
        'reminder',
        'Lembrete',
        '2012-11-10 14:53:51.988196',
        '2002-03-26 10:46:56.402939'
    );

insert into "public"."MESSAGE_TEMPLATE_CATEGORY"
    (
        "id", "name", "creationTimestamp", "updateTimestamp"
    )
    values
    (
        'notification',
        'Notificação',
        '2015-07-20 18:52:03.111708',
        '2014-03-05 06:09:35.698040'
    );

insert into "public"."MESSAGE_TEMPLATE_CATEGORY"
    (
        "id", "name", "creationTimestamp", "updateTimestamp"
    )
    values
    (
        'thank-you',
        'Agradecimento',
        '2007-04-27 13:28:17.504225',
        '2006-05-05 07:49:49.129031'
    );

insert into "public"."MESSAGE_TEMPLATE_CATEGORY"
    (
        "id", "name", "creationTimestamp", "updateTimestamp"
    )
    values
    (
        'follow-up',
        'Acompanhamento',
        '2009-03-10 11:14:45.897302',
        '2006-07-03 14:34:15.562051'
    );

insert into "public"."MESSAGE_TEMPLATE_CATEGORY"
    (
        "id", "name", "creationTimestamp", "updateTimestamp"
    )
    values
    (
        'announcement',
        'Anúncio',
        '2007-09-12 09:25:20.98152',
        '2009-09-21 21:26:34.347747'
    );

insert into "public"."MESSAGE_TEMPLATE_CATEGORY"
    (
        "id", "name", "creationTimestamp", "updateTimestamp"
    )
    values
    (
        'roster',
        'Escala',
        '2002-11-21 02:50:49.24676',
        '2000-09-07 03:12:43.398508'
    );
